Domain Code,Domain,Area Code (M49),Area,Element Code,Element,Item Code (CPC),Item,Year Code,Year,Unit,Value,Flag,Flag Description,Note
"QCL","Crops and livestock products","566","Nigeria","5312","Area harvested","01312","Bananas","2000","2000","ha","386000","A","Official figure",""
"QCL","Crops and livestock products","566","Nigeria","5412","Yield","01312","Bananas","2000","2000","kg/ha","5101","A","Official figure",""
"QCL","Crops and livestock products","566","Nigeria","5510","Production","01312","Bananas","2000","2000","t","1969000","A","Official figure",""
"QCL","Crops and livestock products","566","Nigeria","5312","Area harvested","01312","Bananas","2001","2001","ha","408000","A","Official figure",""
"QCL","Crops and livestock products","566","Nigeria","5412","Yield","01312","Bananas","2001","2001","kg/ha","4899.5","A","Official figure",""
"QCL","Crops and livestock products","566","Nigeria","5510","Production","01312","Bananas","2001","2001","t","1999000","A","Official figure",""
"QCL","Crops and livestock products","566","Nigeria","5312","Area harvested","01312","Bananas","2002","2002","ha","426000","A","Official figure",""
"QCL","Crops and livestock products","566","Nigeria","5412","Yield","01312","Bananas","2002","2002","kg/ha","4993","A","Official figure",""
"QCL","Crops and livestock products","566","Nigeria","5510","Production","01312","Bananas","2002","2002","t","2127000","A","Official figure",""
"QCL","Crops and livestock products","566","Nigeria","5312","Area harvested","01312","Bananas","2003","2003","ha","435000","A","Official figure",""
"QCL","Crops and livestock products","566","Nigeria","5412","Yield","01312","Bananas","2003","2003","kg/ha","5202.3","A","Official figure",""
"QCL","Crops and livestock products","566","Nigeria","5510","Production","01312","Bananas","2003","2003","t","2263000","A","Official figure",""
"QCL","Crops and livestock products","566","Nigeria","5312","Area harvested","01312","Bananas","2004","2004","ha","440000","A","Official figure",""
"QCL","Crops and livestock products","566","Nigeria","5412","Yield","01312","Bananas","2004","2004","kg/ha","5502.3","A","Official figure",""
"QCL","Crops and livestock products","566","Nigeria","5510","Production","01312","Bananas","2004","2004","t","2421000","A","Official figure",""
"QCL","Crops and livestock products","566","Nigeria","5312","Area harvested","01312","Bananas","2005","2005","ha","447000","A","Official figure",""
"QCL","Crops and livestock products","566","Nigeria","5412","Yield","01312","Bananas","2005","2005","kg/ha","5796.4","A","Official figure",""
"QCL","Crops and livestock products","566","Nigeria","5510","Production","01312","Bananas","2005","2005","t","2591000","A","Official figure",""
"QCL","Crops and livestock products","566","Nigeria","5312","Area harvested","01312","Bananas","2006","2006","ha","457000","A","Official figure",""
"QCL","Crops and livestock products","566","Nigeria","5412","Yield","01312","Bananas","2006","2006","kg/ha","6094.1","A","Official figure",""
"QCL","Crops and livestock products","566","Nigeria","5510","Production","01312","Bananas","2006","2006","t","2785000","A","Official figure",""
"QCL","Crops and livestock products","566","Nigeria","5312","Area harvested","01312","Bananas","2007","2007","ha","474000","A","Official figure",""
"QCL","Crops and livestock products","566","Nigeria","5412","Yield","01312","Bananas","2007","2007","kg/ha","6310.1","E","Estimated value",""
"QCL","Crops and livestock products","566","Nigeria","5510","Production","01312","Bananas","2007","2007","t","2991000","E","Estimated value",""
"QCL","Crops and livestock products","566","Nigeria","5312","Area harvested","01312","Bananas","2008","2008","ha","462000","A","Official figure",""
"QCL","Crops and livestock products","566","Nigeria","5412","Yield","01312","Bananas","2008","2008","kg/ha","5902.6","A","Official figure",""
"QCL","Crops and livestock products","566","Nigeria","5510","Production","01312","Bananas","2008","2008","t","2727000","A","Official figure",""
"QCL","Crops and livestock products","566","Nigeria","5312","Area harvested","01312","Bananas","2009","2009","ha","450000","E","Estimated value",""
"QCL","Crops and livestock products","566","Nigeria","5412","Yield","01312","Bananas","2009","2009","kg/ha","6000","E","Estimated value",""
"QCL","Crops and livestock products","566","Nigeria","5510","Production","01312","Bananas","2009","2009","t","2700000","E","Estimated value",""
"QCL","Crops and livestock products","566","Nigeria","5312","Area harvested","01312","Bananas","2010","2010","ha","449220","A","Official figure",""
"QCL","Crops and livestock products","566","Nigeria","5412","Yield","01312","Bananas","2010","2010","kg/ha","5955.9","A","Official figure",""
"QCL","Crops and livestock products","566","Nigeria","5510","Production","01312","Bananas","2010","2010","t","2675530","A","Official figure",""
"QCL","Crops and livestock products","566","Nigeria","5312","Area harvested","01312","Bananas","2011","2011","ha","470086","I","Value imputed by a receiving agency",""
"QCL","Crops and livestock products","566","Nigeria","5412","Yield","01312","Bananas","2011","2011","kg/ha","6206.2","E","Estimated value",""
"QCL","Crops and livestock products","566","Nigeria","5510","Production","01312","Bananas","2011","2011","t","2917441.84","I","Value imputed by a receiving agency",""
"QCL","Crops and livestock products","566","Nigeria","5312","Area harvested","01312","Bananas","2012","2012","ha","464505","I","Value imputed by a receiving agency",""
"QCL","Crops and livestock products","566","Nigeria","5412","Yield","01312","Bananas","2012","2012","kg/ha","6302.8","E","Estimated value",""
"QCL","Crops and livestock products","566","Nigeria","5510","Production","01312","Bananas","2012","2012","t","2927657.76","I","Value imputed by a receiving agency",""
"QCL","Crops and livestock products","566","Nigeria","5312","Area harvested","01312","Bananas","2013","2013","ha","456604","I","Value imputed by a receiving agency",""
"QCL","Crops and livestock products","566","Nigeria","5412","Yield","01312","Bananas","2013","2013","kg/ha","6432.2","E","Estimated value",""
"QCL","Crops and livestock products","566","Nigeria","5510","Production","01312","Bananas","2013","2013","t","2936987.78","I","Value imputed by a receiving agency",""
"QCL","Crops and livestock products","566","Nigeria","5312","Area harvested","01312","Bananas","2014","2014","ha","451304","I","Value imputed by a receiving agency",""
"QCL","Crops and livestock products","566","Nigeria","5412","Yield","01312","Bananas","2014","2014","kg/ha","6577.5","E","Estimated value",""
"QCL","Crops and livestock products","566","Nigeria","5510","Production","01312","Bananas","2014","2014","t","2968431.1","I","Value imputed by a receiving agency",""
"QCL","Crops and livestock products","566","Nigeria","5312","Area harvested","01312","Bananas","2015","2015","ha","443486","I","Value imputed by a receiving agency",""
"QCL","Crops and livestock products","566","Nigeria","5412","Yield","01312","Bananas","2015","2015","kg/ha","7640.9","E","Estimated value",""
"QCL","Crops and livestock products","566","Nigeria","5510","Production","01312","Bananas","2015","2015","t","3388649.15","I","Value imputed by a receiving agency",""
"QCL","Crops and livestock products","566","Nigeria","5312","Area harvested","01312","Bananas","2016","2016","ha","442141","I","Value imputed by a receiving agency",""
"QCL","Crops and livestock products","566","Nigeria","5412","Yield","01312","Bananas","2016","2016","kg/ha","8191.8","E","Estimated value",""
"QCL","Crops and livestock products","566","Nigeria","5510","Production","01312","Bananas","2016","2016","t","3621914.78","I","Value imputed by a receiving agency",""
"QCL","Crops and livestock products","566","Nigeria","5312","Area harvested","01312","Bananas","2017","2017","ha","443080","I","Value imputed by a receiving agency",""
"QCL","Crops and livestock products","566","Nigeria","5412","Yield","01312","Bananas","2017","2017","kg/ha","8814.6","E","Estimated value",""
"QCL","Crops and livestock products","566","Nigeria","5510","Production","01312","Bananas","2017","2017","t","3905551.9","I","Value imputed by a receiving agency",""
"QCL","Crops and livestock products","566","Nigeria","5312","Area harvested","01312","Bananas","2018","2018","ha","449599","I","Value imputed by a receiving agency",""
"QCL","Crops and livestock products","566","Nigeria","5412","Yield","01312","Bananas","2018","2018","kg/ha","9623.2","E","Estimated value",""
"QCL","Crops and livestock products","566","Nigeria","5510","Production","01312","Bananas","2018","2018","t","4326599.86","I","Value imputed by a receiving agency",""
"QCL","Crops and livestock products","566","Nigeria","5312","Area harvested","01312","Bananas","2019","2019","ha","461179","I","Value imputed by a receiving agency",""
"QCL","Crops and livestock products","566","Nigeria","5412","Yield","01312","Bananas","2019","2019","kg/ha","10649.5","E","Estimated value",""
"QCL","Crops and livestock products","566","Nigeria","5510","Production","01312","Bananas","2019","2019","t","4911305.22","I","Value imputed by a receiving agency",""
"QCL","Crops and livestock products","566","Nigeria","5312","Area harvested","01312","Bananas","2020","2020","ha","476070","A","Official figure",""
"QCL","Crops and livestock products","566","Nigeria","5412","Yield","01312","Bananas","2020","2020","kg/ha","11729","A","Official figure",""
"QCL","Crops and livestock products","566","Nigeria","5510","Production","01312","Bananas","2020","2020","t","5583830","A","Official figure",""
"QCL","Crops and livestock products","566","Nigeria","5312","Area harvested","01312","Bananas","2021","2021","ha","525177","A","Official figure",""
"QCL","Crops and livestock products","566","Nigeria","5412","Yield","01312","Bananas","2021","2021","kg/ha","14068.8","A","Official figure",""
"QCL","Crops and livestock products","566","Nigeria","5510","Production","01312","Bananas","2021","2021","t","7388610","A","Official figure",""
"QCL","Crops and livestock products","566","Nigeria","5312","Area harvested","01312","Bananas","2022","2022","ha","560943","I","Value imputed by a receiving agency",""
"QCL","Crops and livestock products","566","Nigeria","5412","Yield","01312","Bananas","2022","2022","kg/ha","12898.9","E","Estimated value",""
"QCL","Crops and livestock products","566","Nigeria","5510","Production","01312","Bananas","2022","2022","t","7235554.73","E","Estimated value",""
"QCL","Crops and livestock products","566","Nigeria","5312","Area harvested","01312","Bananas","2023","2023","ha","456037","I","Value imputed by a receiving agency",""
"QCL","Crops and livestock products","566","Nigeria","5412","Yield","01312","Bananas","2023","2023","kg/ha","13949.5","E","Estimated value",""
"QCL","Crops and livestock products","566","Nigeria","5510","Production","01312","Bananas","2023","2023","t","6361501.16","I","Value imputed by a receiving agency",""
"QCL","Crops and livestock products","566","Nigeria","5312","Area harvested","01312","Bananas","2024","2024","ha","468358","I","Value imputed by a receiving agency",""
"QCL","Crops and livestock products","566","Nigeria","5412","Yield","01312","Bananas","2024","2024","kg/ha","14747.6","E","Estimated value",""
"QCL","Crops and livestock products","566","Nigeria","5510","Production","01312","Bananas","2024","2024","t","6907142.4","I","Value imputed by a receiving agency",""
"QCL","Crops and livestock products","566","Nigeria","5312","Area harvested","01251","Carrots and turnips","2000","2000","ha","26492","I","Value imputed by a receiving agency",""
"QCL","Crops and livestock products","566","Nigeria","5412","Yield","01251","Carrots and turnips","2000","2000","kg/ha","8509.7","E","Estimated value",""
"QCL","Crops and livestock products","566","Nigeria","5510","Production","01251","Carrots and turnips","2000","2000","t","225439.77","I","Value imputed by a receiving agency",""
"QCL","Crops and livestock products","566","Nigeria","5312","Area harvested","01251","Carrots and turnips","2001","2001","ha","26729","I","Value imputed by a receiving agency",""
"QCL","Crops and livestock products","566","Nigeria","5412","Yield","01251","Carrots and turnips","2001","2001","kg/ha","8520.4","E","Estimated value",""
"QCL","Crops and livestock products","566","Nigeria","5510","Production","01251","Carrots and turnips","2001","2001","t","227745.37","I","Value imputed by a receiving agency",""
"QCL","Crops and livestock products","566","Nigeria","5312","Area harvested","01251","Carrots and turnips","2002","2002","ha","27500","E","Estimated value",""
"QCL","Crops and livestock products","566","Nigeria","5412","Yield","01251","Carrots and turnips","2002","2002","kg/ha","8545.5","E","Estimated value",""
"QCL","Crops and livestock products","566","Nigeria","5510","Production","01251","Carrots and turnips","2002","2002","t","235000","E","Estimated value",""
"QCL","Crops and livestock products","566","Nigeria","5312","Area harvested","01251","Carrots and turnips","2003","2003","ha","27159","I","Value imputed by a receiving agency",""
"QCL","Crops and livestock products","566","Nigeria","5412","Yield","01251","Carrots and turnips","2003","2003","kg/ha","8546.7","E","Estimated value",""
"QCL","Crops and livestock products","566","Nigeria","5510","Production","01251","Carrots and turnips","2003","2003","t","232121.33","I","Value imputed by a receiving agency",""
"QCL","Crops and livestock products","566","Nigeria","5312","Area harvested","01251","Carrots and turnips","2004","2004","ha","27339","I","Value imputed by a receiving agency",""
"QCL","Crops and livestock products","566","Nigeria","5412","Yield","01251","Carrots and turnips","2004","2004","kg/ha","8559.6","E","Estimated value",""
"QCL","Crops and livestock products","566","Nigeria","5510","Production","01251","Carrots and turnips","2004","2004","t","234007.93","I","Value imputed by a receiving agency",""
"QCL","Crops and livestock products","566","Nigeria","5312","Area harvested","01251","Carrots and turnips","2005","2005","ha","27750","E","Estimated value",""
"QCL","Crops and livestock products","566","Nigeria","5412","Yield","01251","Carrots and turnips","2005","2005","kg/ha","8558.6","E","Estimated value",""
"QCL","Crops and livestock products","566","Nigeria","5510","Production","01251","Carrots and turnips","2005","2005","t","237500","E","Estimated value",""
"QCL","Crops and livestock products","566","Nigeria","5312","Area harvested","01251","Carrots and turnips","2006","2006","ha","28000","E","Estimated value",""
"QCL","Crops and livestock products","566","Nigeria","5412","Yield","01251","Carrots and turnips","2006","2006","kg/ha","8571.4","E","Estimated value",""
"QCL","Crops and livestock products","566","Nigeria","5510","Production","01251","Carrots and turnips","2006","2006","t","240000","E","Estimated value",""
"QCL","Crops and livestock products","566","Nigeria","5312","Area harvested","01251","Carrots and turnips","2007","2007","ha","28500","E","Estimated value",""
"QCL","Crops and livestock products","566","Nigeria","5412","Yield","01251","Carrots and turnips","2007","2007","kg/ha","8526.3","E","Estimated value",""
"QCL","Crops and livestock products","566","Nigeria","5510","Production","01251","Carrots and turnips","2007","2007","t","243000","E","Estimated value",""
"QCL","Crops and livestock products","566","Nigeria","5312","Area harvested","01251","Carrots and turnips","2008","2008","ha","27831","I","Value imputed by a receiving agency",""
"QCL","Crops and livestock products","566","Nigeria","5412","Yield","01251","Carrots and turnips","2008","2008","kg/ha","8623.4","E","Estimated value",""
"QCL","Crops and livestock products","566","Nigeria","5510","Production","01251","Carrots and turnips","2008","2008","t","240000","E","Estimated value",""
"QCL","Crops and livestock products","566","Nigeria","5312","Area harvested","01251","Carrots and turnips","2009","2009","ha","26621","I","Value imputed by a receiving agency",""
"QCL","Crops and livestock products","566","Nigeria","5412","Yield","01251","Carrots and turnips","2009","2009","kg/ha","8701.5","E","Estimated value",""
"QCL","Crops and livestock products","566","Nigeria","5510","Production","01251","Carrots and turnips","2009","2009","t","231642.14","I","Value imputed by a receiving agency",""
"QCL","Crops and livestock products","566","Nigeria","5312","Area harvested","01251","Carrots and turnips","2010","2010","ha","25300","E","Estimated value",""
"QCL","Crops and livestock products","566","Nigeria","5412","Yield","01251","Carrots and turnips","2010","2010","kg/ha","8692.1","E","Estimated value",""
"QCL","Crops and livestock products","566","Nigeria","5510","Production","01251","Carrots and turnips","2010","2010","t","219910.87","I","Value imputed by a receiving agency",""
"QCL","Crops and livestock products","566","Nigeria","5312","Area harvested","01251","Carrots and turnips","2011","2011","ha","25000","E","Estimated value",""
"QCL","Crops and livestock products","566","Nigeria","5412","Yield","01251","Carrots and turnips","2011","2011","kg/ha","8713.9","E","Estimated value",""
"QCL","Crops and livestock products","566","Nigeria","5510","Production","01251","Carrots and turnips","2011","2011","t","217847.71","I","Value imputed by a receiving agency",""
"QCL","Crops and livestock products","566","Nigeria","5312","Area harvested","01251","Carrots and turnips","2012","2012","ha","26000","E","Estimated value",""
"QCL","Crops and livestock products","566","Nigeria","5412","Yield","01251","Carrots and turnips","2012","2012","kg/ha","8735.7","E","Estimated value",""
"QCL","Crops and livestock products","566","Nigeria","5510","Production","01251","Carrots and turnips","2012","2012","t","227127.87","I","Value imputed by a receiving agency",""
"QCL","Crops and livestock products","566","Nigeria","5312","Area harvested","01251","Carrots and turnips","2013","2013","ha","26000","E","Estimated value",""
"QCL","Crops and livestock products","566","Nigeria","5412","Yield","01251","Carrots and turnips","2013","2013","kg/ha","8757.5","E","Estimated value",""
"QCL","Crops and livestock products","566","Nigeria","5510","Production","01251","Carrots and turnips","2013","2013","t","227694.13","I","Value imputed by a receiving agency",""
"QCL","Crops and livestock products","566","Nigeria","5312","Area harvested","01251","Carrots and turnips","2014","2014","ha","26515","I","Value imputed by a receiving agency",""
"QCL","Crops and livestock products","566","Nigeria","5412","Yield","01251","Carrots and turnips","2014","2014","kg/ha","8771.3","E","Estimated value",""
"QCL","Crops and livestock products","566","Nigeria","5510","Production","01251","Carrots and turnips","2014","2014","t","232574.44","I","Value imputed by a receiving agency",""
"QCL","Crops and livestock products","566","Nigeria","5312","Area harvested","01251","Carrots and turnips","2015","2015","ha","26631","I","Value imputed by a receiving agency",""
"QCL","Crops and livestock products","566","Nigeria","5412","Yield","01251","Carrots and turnips","2015","2015","kg/ha","8781.2","E","Estimated value",""
"QCL","Crops and livestock products","566","Nigeria","5510","Production","01251","Carrots and turnips","2015","2015","t","233849.9","I","Value imputed by a receiving agency",""
"QCL","Crops and livestock products","566","Nigeria","5312","Area harvested","01251","Carrots and turnips","2016","2016","ha","26817","I","Value imputed by a receiving agency",""
"QCL","Crops and livestock products","566","Nigeria","5412","Yield","01251","Carrots and turnips","2016","2016","kg/ha","8796.2","E","Estimated value",""
"QCL","Crops and livestock products","566","Nigeria","5510","Production","01251","Carrots and turnips","2016","2016","t","235888.37","I","Value imputed by a receiving agency",""
"QCL","Crops and livestock products","566","Nigeria","5312","Area harvested","01251","Carrots and turnips","2017","2017","ha","26809","I","Value imputed by a receiving agency",""
"QCL","Crops and livestock products","566","Nigeria","5412","Yield","01251","Carrots and turnips","2017","2017","kg/ha","8808.3","E","Estimated value",""
"QCL","Crops and livestock products","566","Nigeria","5510","Production","01251","Carrots and turnips","2017","2017","t","236145.17","I","Value imputed by a receiving agency",""
"QCL","Crops and livestock products","566","Nigeria","5312","Area harvested","01251","Carrots and turnips","2018","2018","ha","26902","I","Value imputed by a receiving agency",""
"QCL","Crops and livestock products","566","Nigeria","5412","Yield","01251","Carrots and turnips","2018","2018","kg/ha","8827.5","E","Estimated value",""
"QCL","Crops and livestock products","566","Nigeria","5510","Production","01251","Carrots and turnips","2018","2018","t","237480.83","I","Value imputed by a receiving agency",""
"QCL","Crops and livestock products","566","Nigeria","5312","Area harvested","01251","Carrots and turnips","2019","2019","ha","26811","I","Value imputed by a receiving agency",""
"QCL","Crops and livestock products","566","Nigeria","5412","Yield","01251","Carrots and turnips","2019","2019","kg/ha","8851.7","E","Estimated value",""
"QCL","Crops and livestock products","566","Nigeria","5510","Production","01251","Carrots and turnips","2019","2019","t","237317.93","I","Value imputed by a receiving agency",""
"QCL","Crops and livestock products","566","Nigeria","5312","Area harvested","01251","Carrots and turnips","2020","2020","ha","26787","I","Value imputed by a receiving agency",""
"QCL","Crops and livestock products","566","Nigeria","5412","Yield","01251","Carrots and turnips","2020","2020","kg/ha","8865.7","E","Estimated value",""
"QCL","Crops and livestock products","566","Nigeria","5510","Production","01251","Carrots and turnips","2020","2020","t","237485.15","I","Value imputed by a receiving agency",""
"QCL","Crops and livestock products","566","Nigeria","5312","Area harvested","01251","Carrots and turnips","2021","2021","ha","26794","I","Value imputed by a receiving agency",""
"QCL","Crops and livestock products","566","Nigeria","5412","Yield","01251","Carrots and turnips","2021","2021","kg/ha","8880.4","E","Estimated value",""
"QCL","Crops and livestock products","566","Nigeria","5510","Production","01251","Carrots and turnips","2021","2021","t","237938.99","I","Value imputed by a receiving agency",""
"QCL","Crops and livestock products","566","Nigeria","5312","Area harvested","01251","Carrots and turnips","2022","2022","ha","26663","I","Value imputed by a receiving agency",""
"QCL","Crops and livestock products","566","Nigeria","5412","Yield","01251","Carrots and turnips","2022","2022","kg/ha","8881.2","E","Estimated value",""
"QCL","Crops and livestock products","566","Nigeria","5510","Production","01251","Carrots and turnips","2022","2022","t","236799","I","Value imputed by a receiving agency",""
"QCL","Crops and livestock products","566","Nigeria","5312","Area harvested","01251","Carrots and turnips","2023","2023","ha","26673","I","Value imputed by a receiving agency",""
"QCL","Crops and livestock products","566","Nigeria","5412","Yield","01251","Carrots and turnips","2023","2023","kg/ha","8892.8","E","Estimated value",""
"QCL","Crops and livestock products","566","Nigeria","5510","Production","01251","Carrots and turnips","2023","2023","t","237193.25","I","Value imputed by a receiving agency",""
"QCL","Crops and livestock products","566","Nigeria","5312","Area harvested","01251","Carrots and turnips","2024","2024","ha","26682","I","Value imputed by a receiving agency",""
"QCL","Crops and livestock products","566","Nigeria","5412","Yield","01251","Carrots and turnips","2024","2024","kg/ha","8904.3","E","Estimated value",""
"QCL","Crops and livestock products","566","Nigeria","5510","Production","01251","Carrots and turnips","2024","2024","t","237587.51","I","Value imputed by a receiving agency",""
"QCL","Crops and livestock products","566","Nigeria","5312","Area harvested","01372","Cashew nuts, in shell","2000","2000","ha","259000","A","Official figure",""
"QCL","Crops and livestock products","566","Nigeria","5412","Yield","01372","Cashew nuts, in shell","2000","2000","kg/ha","1799.2","A","Official figure",""
"QCL","Crops and livestock products","566","Nigeria","5510","Production","01372","Cashew nuts, in shell","2000","2000","t","466000","A","Official figure",""
"QCL","Crops and livestock products","566","Nigeria","5312","Area harvested","01372","Cashew nuts, in shell","2001","2001","ha","265000","A","Official figure",""
"QCL","Crops and livestock products","566","Nigeria","5412","Yield","01372","Cashew nuts, in shell","2001","2001","kg/ha","1830.2","A","Official figure",""
"QCL","Crops and livestock products","566","Nigeria","5510","Production","01372","Cashew nuts, in shell","2001","2001","t","485000","A","Official figure",""
"QCL","Crops and livestock products","566","Nigeria","5312","Area harvested","01372","Cashew nuts, in shell","2002","2002","ha","273000","A","Official figure",""
"QCL","Crops and livestock products","566","Nigeria","5412","Yield","01372","Cashew nuts, in shell","2002","2002","kg/ha","1882.8","A","Official figure",""
"QCL","Crops and livestock products","566","Nigeria","5510","Production","01372","Cashew nuts, in shell","2002","2002","t","514000","A","Official figure",""
"QCL","Crops and livestock products","566","Nigeria","5312","Area harvested","01372","Cashew nuts, in shell","2003","2003","ha","277000","A","Official figure",""
"QCL","Crops and livestock products","566","Nigeria","5412","Yield","01372","Cashew nuts, in shell","2003","2003","kg/ha","1891.7","A","Official figure",""
"QCL","Crops and livestock products","566","Nigeria","5510","Production","01372","Cashew nuts, in shell","2003","2003","t","524000","A","Official figure",""
"QCL","Crops and livestock products","566","Nigeria","5312","Area harvested","01372","Cashew nuts, in shell","2004","2004","ha","292000","A","Official figure",""
"QCL","Crops and livestock products","566","Nigeria","5412","Yield","01372","Cashew nuts, in shell","2004","2004","kg/ha","1900.7","A","Official figure",""
"QCL","Crops and livestock products","566","Nigeria","5510","Production","01372","Cashew nuts, in shell","2004","2004","t","555000","A","Official figure",""
"QCL","Crops and livestock products","566","Nigeria","5312","Area harvested","01372","Cashew nuts, in shell","2005","2005","ha","309000","A","Official figure",""
"QCL","Crops and livestock products","566","Nigeria","5412","Yield","01372","Cashew nuts, in shell","2005","2005","kg/ha","1922.3","A","Official figure",""
"QCL","Crops and livestock products","566","Nigeria","5510","Production","01372","Cashew nuts, in shell","2005","2005","t","594000","A","Official figure",""
"QCL","Crops and livestock products","566","Nigeria","5312","Area harvested","01372","Cashew nuts, in shell","2006","2006","ha","320000","A","Official figure",""
"QCL","Crops and livestock products","566","Nigeria","5412","Yield","01372","Cashew nuts, in shell","2006","2006","kg/ha","1987.5","A","Official figure",""
"QCL","Crops and livestock products","566","Nigeria","5510","Production","01372","Cashew nuts, in shell","2006","2006","t","636000","A","Official figure",""
"QCL","Crops and livestock products","566","Nigeria","5312","Area harvested","01372","Cashew nuts, in shell","2007","2007","ha","330000","E","Estimated value",""
"QCL","Crops and livestock products","566","Nigeria","5412","Yield","01372","Cashew nuts, in shell","2007","2007","kg/ha","2000","E","Estimated value",""
"QCL","Crops and livestock products","566","Nigeria","5510","Production","01372","Cashew nuts, in shell","2007","2007","t","660000","E","Estimated value",""
"QCL","Crops and livestock products","566","Nigeria","5312","Area harvested","01372","Cashew nuts, in shell","2008","2008","ha","330000","E","Estimated value",""
"QCL","Crops and livestock products","566","Nigeria","5412","Yield","01372","Cashew nuts, in shell","2008","2008","kg/ha","2046.3","E","Estimated value",""
"QCL","Crops and livestock products","566","Nigeria","5510","Production","01372","Cashew nuts, in shell","2008","2008","t","675266.11","I","Value imputed by a receiving agency",""
"QCL","Crops and livestock products","566","Nigeria","5312","Area harvested","01372","Cashew nuts, in shell","2009","2009","ha","360000","E","Estimated value",""
"QCL","Crops and livestock products","566","Nigeria","5412","Yield","01372","Cashew nuts, in shell","2009","2009","kg/ha","2222.2","E","Estimated value",""
"QCL","Crops and livestock products","566","Nigeria","5510","Production","01372","Cashew nuts, in shell","2009","2009","t","800000","E","Estimated value",""
"QCL","Crops and livestock products","566","Nigeria","5312","Area harvested","01372","Cashew nuts, in shell","2010","2010","ha","382509","I","Value imputed by a receiving agency",""
"QCL","Crops and livestock products","566","Nigeria","5412","Yield","01372","Cashew nuts, in shell","2010","2010","kg/ha","2069.8","E","Estimated value",""
"QCL","Crops and livestock products","566","Nigeria","5510","Production","01372","Cashew nuts, in shell","2010","2010","t","791726.19","I","Value imputed by a receiving agency",""
"QCL","Crops and livestock products","566","Nigeria","5312","Area harvested","01372","Cashew nuts, in shell","2011","2011","ha","337466","I","Value imputed by a receiving agency",""
"QCL","Crops and livestock products","566","Nigeria","5412","Yield","01372","Cashew nuts, in shell","2011","2011","kg/ha","1667","E","Estimated value",""
"QCL","Crops and livestock products","566","Nigeria","5510","Production","01372","Cashew nuts, in shell","2011","2011","t","562572.11","I","Value imputed by a receiving agency",""
"QCL","Crops and livestock products","566","Nigeria","5312","Area harvested","01372","Cashew nuts, in shell","2012","2012","ha","294148","I","Value imputed by a receiving agency",""
"QCL","Crops and livestock products","566","Nigeria","5412","Yield","01372","Cashew nuts, in shell","2012","2012","kg/ha","1403.2","E","Estimated value",""
"QCL","Crops and livestock products","566","Nigeria","5510","Production","01372","Cashew nuts, in shell","2012","2012","t","412755.03","I","Value imputed by a receiving agency",""
"QCL","Crops and livestock products","566","Nigeria","5312","Area harvested","01372","Cashew nuts, in shell","2013","2013","ha","168750","I","Value imputed by a receiving agency",""
"QCL","Crops and livestock products","566","Nigeria","5412","Yield","01372","Cashew nuts, in shell","2013","2013","kg/ha","1141.7","E","Estimated value",""
"QCL","Crops and livestock products","566","Nigeria","5510","Production","01372","Cashew nuts, in shell","2013","2013","t","192660.27","I","Value imputed by a receiving agency",""
"QCL","Crops and livestock products","566","Nigeria","5312","Area harvested","01372","Cashew nuts, in shell","2014","2014","ha","126490","A","Official figure",""
"QCL","Crops and livestock products","566","Nigeria","5412","Yield","01372","Cashew nuts, in shell","2014","2014","kg/ha","782.7","A","Official figure",""
"QCL","Crops and livestock products","566","Nigeria","5510","Production","01372","Cashew nuts, in shell","2014","2014","t","99010","A","Official figure",""
"QCL","Crops and livestock products","566","Nigeria","5312","Area harvested","01372","Cashew nuts, in shell","2015","2015","ha","131529","A","Official figure",""
"QCL","Crops and livestock products","566","Nigeria","5412","Yield","01372","Cashew nuts, in shell","2015","2015","kg/ha","738.6","A","Official figure",""
"QCL","Crops and livestock products","566","Nigeria","5510","Production","01372","Cashew nuts, in shell","2015","2015","t","97149","A","Official figure",""
"QCL","Crops and livestock products","566","Nigeria","5312","Area harvested","01372","Cashew nuts, in shell","2016","2016","ha","132544","I","Value imputed by a receiving agency",""
"QCL","Crops and livestock products","566","Nigeria","5412","Yield","01372","Cashew nuts, in shell","2016","2016","kg/ha","741.6","E","Estimated value",""
"QCL","Crops and livestock products","566","Nigeria","5510","Production","01372","Cashew nuts, in shell","2016","2016","t","98291","A","Official figure",""
"QCL","Crops and livestock products","566","Nigeria","5312","Area harvested","01372","Cashew nuts, in shell","2017","2017","ha","140000","E","Estimated value",""
"QCL","Crops and livestock products","566","Nigeria","5412","Yield","01372","Cashew nuts, in shell","2017","2017","kg/ha","714.3","E","Estimated value",""
"QCL","Crops and livestock products","566","Nigeria","5510","Production","01372","Cashew nuts, in shell","2017","2017","t","100000","E","Estimated value",""
"QCL","Crops and livestock products","566","Nigeria","5312","Area harvested","01372","Cashew nuts, in shell","2018","2018","ha","140000","E","Estimated value",""
"QCL","Crops and livestock products","566","Nigeria","5412","Yield","01372","Cashew nuts, in shell","2018","2018","kg/ha","714.3","E","Estimated value",""
"QCL","Crops and livestock products","566","Nigeria","5510","Production","01372","Cashew nuts, in shell","2018","2018","t","100000","E","Estimated value",""
"QCL","Crops and livestock products","566","Nigeria","5312","Area harvested","01372","Cashew nuts, in shell","2019","2019","ha","140000","E","Estimated value",""
"QCL","Crops and livestock products","566","Nigeria","5412","Yield","01372","Cashew nuts, in shell","2019","2019","kg/ha","725","E","Estimated value",""
"QCL","Crops and livestock products","566","Nigeria","5510","Production","01372","Cashew nuts, in shell","2019","2019","t","101500","E","Estimated value",""
"QCL","Crops and livestock products","566","Nigeria","5312","Area harvested","01372","Cashew nuts, in shell","2020","2020","ha","167570","A","Official figure",""
"QCL","Crops and livestock products","566","Nigeria","5412","Yield","01372","Cashew nuts, in shell","2020","2020","kg/ha","548.5","A","Official figure",""
"QCL","Crops and livestock products","566","Nigeria","5510","Production","01372","Cashew nuts, in shell","2020","2020","t","91914.82","A","Official figure",""
"QCL","Crops and livestock products","566","Nigeria","5312","Area harvested","01372","Cashew nuts, in shell","2021","2021","ha","170000","E","Estimated value",""
"QCL","Crops and livestock products","566","Nigeria","5412","Yield","01372","Cashew nuts, in shell","2021","2021","kg/ha","529.4","E","Estimated value",""
"QCL","Crops and livestock products","566","Nigeria","5510","Production","01372","Cashew nuts, in shell","2021","2021","t","90000","E","Estimated value",""
"QCL","Crops and livestock products","566","Nigeria","5312","Area harvested","01372","Cashew nuts, in shell","2022","2022","ha","170000","E","Estimated value",""
"QCL","Crops and livestock products","566","Nigeria","5412","Yield","01372","Cashew nuts, in shell","2022","2022","kg/ha","529.4","E","Estimated value",""
"QCL","Crops and livestock products","566","Nigeria","5510","Production","01372","Cashew nuts, in shell","2022","2022","t","90000","E","Estimated value",""
"QCL","Crops and livestock products","566","Nigeria","5312","Area harvested","01372","Cashew nuts, in shell","2023","2023","ha","172004","I","Value imputed by a receiving agency",""
"QCL","Crops and livestock products","566","Nigeria","5412","Yield","01372","Cashew nuts, in shell","2023","2023","kg/ha","514.4","E","Estimated value",""
"QCL","Crops and livestock products","566","Nigeria","5510","Production","01372","Cashew nuts, in shell","2023","2023","t","88475.07","I","Value imputed by a receiving agency",""
"QCL","Crops and livestock products","566","Nigeria","5312","Area harvested","01372","Cashew nuts, in shell","2024","2024","ha","170224","I","Value imputed by a receiving agency",""
"QCL","Crops and livestock products","566","Nigeria","5412","Yield","01372","Cashew nuts, in shell","2024","2024","kg/ha","475.5","E","Estimated value",""
"QCL","Crops and livestock products","566","Nigeria","5510","Production","01372","Cashew nuts, in shell","2024","2024","t","80943.66","I","Value imputed by a receiving agency",""
"QCL","Crops and livestock products","566","Nigeria","5312","Area harvested","01520.01","Cassava, fresh","2000","2000","ha","3300000","A","Official figure",""
"QCL","Crops and livestock products","566","Nigeria","5412","Yield","01520.01","Cassava, fresh","2000","2000","kg/ha","9700","A","Official figure",""
"QCL","Crops and livestock products","566","Nigeria","5510","Production","01520.01","Cassava, fresh","2000","2000","t","32010000","A","Official figure",""
"QCL","Crops and livestock products","566","Nigeria","5312","Area harvested","01520.01","Cassava, fresh","2001","2001","ha","3340000","A","Official figure",""
"QCL","Crops and livestock products","566","Nigeria","5412","Yield","01520.01","Cassava, fresh","2001","2001","kg/ha","9601.2","A","Official figure",""
"QCL","Crops and livestock products","566","Nigeria","5510","Production","01520.01","Cassava, fresh","2001","2001","t","32068000","A","Official figure",""
"QCL","Crops and livestock products","566","Nigeria","5312","Area harvested","01520.01","Cassava, fresh","2002","2002","ha","3446000","A","Official figure",""
"QCL","Crops and livestock products","566","Nigeria","5412","Yield","01520.01","Cassava, fresh","2002","2002","kg/ha","9901.3","A","Official figure",""
"QCL","Crops and livestock products","566","Nigeria","5510","Production","01520.01","Cassava, fresh","2002","2002","t","34120000","A","Official figure",""
"QCL","Crops and livestock products","566","Nigeria","5312","Area harvested","01520.01","Cassava, fresh","2003","2003","ha","3490000","A","Official figure",""
"QCL","Crops and livestock products","566","Nigeria","5412","Yield","01520.01","Cassava, fresh","2003","2003","kg/ha","10402.3","A","Official figure",""
"QCL","Crops and livestock products","566","Nigeria","5510","Production","01520.01","Cassava, fresh","2003","2003","t","36304000","A","Official figure",""
"QCL","Crops and livestock products","566","Nigeria","5312","Area harvested","01520.01","Cassava, fresh","2004","2004","ha","3531000","A","Official figure",""
"QCL","Crops and livestock products","566","Nigeria","5412","Yield","01520.01","Cassava, fresh","2004","2004","kg/ha","11001.1","A","Official figure",""
"QCL","Crops and livestock products","566","Nigeria","5510","Production","01520.01","Cassava, fresh","2004","2004","t","38845000","A","Official figure",""
"QCL","Crops and livestock products","566","Nigeria","5312","Area harvested","01520.01","Cassava, fresh","2005","2005","ha","3782000","A","Official figure",""
"QCL","Crops and livestock products","566","Nigeria","5412","Yield","01520.01","Cassava, fresh","2005","2005","kg/ha","10990.2","A","Official figure",""
"QCL","Crops and livestock products","566","Nigeria","5510","Production","01520.01","Cassava, fresh","2005","2005","t","41565000","A","Official figure",""
"QCL","Crops and livestock products","566","Nigeria","5312","Area harvested","01520.01","Cassava, fresh","2006","2006","ha","3810000","A","Official figure",""
"QCL","Crops and livestock products","566","Nigeria","5412","Yield","01520.01","Cassava, fresh","2006","2006","kg/ha","12000.3","A","Official figure",""
"QCL","Crops and livestock products","566","Nigeria","5510","Production","01520.01","Cassava, fresh","2006","2006","t","45721000","A","Official figure",""
"QCL","Crops and livestock products","566","Nigeria","5312","Area harvested","01520.01","Cassava, fresh","2007","2007","ha","3875000","A","Official figure",""
"QCL","Crops and livestock products","566","Nigeria","5412","Yield","01520.01","Cassava, fresh","2007","2007","kg/ha","11202.6","A","Official figure",""
"QCL","Crops and livestock products","566","Nigeria","5510","Production","01520.01","Cassava, fresh","2007","2007","t","43410000","A","Official figure",""
"QCL","Crops and livestock products","566","Nigeria","5312","Area harvested","01520.01","Cassava, fresh","2008","2008","ha","3778000","A","Official figure",""
"QCL","Crops and livestock products","566","Nigeria","5412","Yield","01520.01","Cassava, fresh","2008","2008","kg/ha","11800.4","A","Official figure",""
"QCL","Crops and livestock products","566","Nigeria","5510","Production","01520.01","Cassava, fresh","2008","2008","t","44582000","A","Official figure",""
"QCL","Crops and livestock products","566","Nigeria","5312","Area harvested","01520.01","Cassava, fresh","2009","2009","ha","3129030","A","Official figure",""
"QCL","Crops and livestock products","566","Nigeria","5412","Yield","01520.01","Cassava, fresh","2009","2009","kg/ha","11767.9","A","Official figure",""
"QCL","Crops and livestock products","566","Nigeria","5510","Production","01520.01","Cassava, fresh","2009","2009","t","36822248","A","Official figure",""
"QCL","Crops and livestock products","566","Nigeria","5312","Area harvested","01520.01","Cassava, fresh","2010","2010","ha","3481900","A","Official figure",""
"QCL","Crops and livestock products","566","Nigeria","5412","Yield","01520.01","Cassava, fresh","2010","2010","kg/ha","12215.5","A","Official figure",""
"QCL","Crops and livestock products","566","Nigeria","5510","Production","01520.01","Cassava, fresh","2010","2010","t","42533180","A","Official figure",""
"QCL","Crops and livestock products","566","Nigeria","5312","Area harvested","01520.01","Cassava, fresh","2011","2011","ha","4120166","A","Official figure",""
"QCL","Crops and livestock products","566","Nigeria","5412","Yield","01520.01","Cassava, fresh","2011","2011","kg/ha","11210.8","A","Official figure",""
"QCL","Crops and livestock products","566","Nigeria","5510","Production","01520.01","Cassava, fresh","2011","2011","t","46190248","A","Official figure",""
"QCL","Crops and livestock products","566","Nigeria","5312","Area harvested","01520.01","Cassava, fresh","2012","2012","ha","6401996","A","Official figure",""
"QCL","Crops and livestock products","566","Nigeria","5412","Yield","01520.01","Cassava, fresh","2012","2012","kg/ha","7958.5","A","Official figure",""
"QCL","Crops and livestock products","566","Nigeria","5510","Production","01520.01","Cassava, fresh","2012","2012","t","50950292","A","Official figure",""
"QCL","Crops and livestock products","566","Nigeria","5312","Area harvested","01520.01","Cassava, fresh","2013","2013","ha","6741300","A","Official figure",""
"QCL","Crops and livestock products","566","Nigeria","5412","Yield","01520.01","Cassava, fresh","2013","2013","kg/ha","7032.3","A","Official figure",""
"QCL","Crops and livestock products","566","Nigeria","5510","Production","01520.01","Cassava, fresh","2013","2013","t","47406770","A","Official figure",""
"QCL","Crops and livestock products","566","Nigeria","5312","Area harvested","01520.01","Cassava, fresh","2014","2014","ha","7096300","A","Official figure",""
"QCL","Crops and livestock products","566","Nigeria","5412","Yield","01520.01","Cassava, fresh","2014","2014","kg/ha","7655.4","A","Official figure",""
"QCL","Crops and livestock products","566","Nigeria","5510","Production","01520.01","Cassava, fresh","2014","2014","t","54324700","A","Official figure",""
"QCL","Crops and livestock products","566","Nigeria","5312","Area harvested","01520.01","Cassava, fresh","2015","2015","ha","7900630","A","Official figure",""
"QCL","Crops and livestock products","566","Nigeria","5412","Yield","01520.01","Cassava, fresh","2015","2015","kg/ha","7265.9","A","Official figure",""
"QCL","Crops and livestock products","566","Nigeria","5510","Production","01520.01","Cassava, fresh","2015","2015","t","57405060","A","Official figure",""
"QCL","Crops and livestock products","566","Nigeria","5312","Area harvested","01520.01","Cassava, fresh","2016","2016","ha","6668996","A","Official figure",""
"QCL","Crops and livestock products","566","Nigeria","5412","Yield","01520.01","Cassava, fresh","2016","2016","kg/ha","9076.3","A","Official figure",""
"QCL","Crops and livestock products","566","Nigeria","5510","Production","01520.01","Cassava, fresh","2016","2016","t","60529864","A","Official figure",""
"QCL","Crops and livestock products","566","Nigeria","5312","Area harvested","01520.01","Cassava, fresh","2017","2017","ha","6761350","A","Official figure",""
"QCL","Crops and livestock products","566","Nigeria","5412","Yield","01520.01","Cassava, fresh","2017","2017","kg/ha","9073.7","A","Official figure",""
"QCL","Crops and livestock products","566","Nigeria","5510","Production","01520.01","Cassava, fresh","2017","2017","t","61350199","A","Official figure",""
"QCL","Crops and livestock products","566","Nigeria","5312","Area harvested","01520.01","Cassava, fresh","2018","2018","ha","6949400","A","Official figure",""
"QCL","Crops and livestock products","566","Nigeria","5412","Yield","01520.01","Cassava, fresh","2018","2018","kg/ha","9403.8","A","Official figure",""
"QCL","Crops and livestock products","566","Nigeria","5510","Production","01520.01","Cassava, fresh","2018","2018","t","65350850","A","Official figure",""
"QCL","Crops and livestock products","566","Nigeria","5312","Area harvested","01520.01","Cassava, fresh","2019","2019","ha","9776650","A","Official figure",""
"QCL","Crops and livestock products","566","Nigeria","5412","Yield","01520.01","Cassava, fresh","2019","2019","kg/ha","5827.1","A","Official figure",""
"QCL","Crops and livestock products","566","Nigeria","5510","Production","01520.01","Cassava, fresh","2019","2019","t","56969160","A","Official figure",""
"QCL","Crops and livestock products","566","Nigeria","5312","Area harvested","01520.01","Cassava, fresh","2020","2020","ha","9614230","A","Official figure",""
"QCL","Crops and livestock products","566","Nigeria","5412","Yield","01520.01","Cassava, fresh","2020","2020","kg/ha","5779.5","A","Official figure",""
"QCL","Crops and livestock products","566","Nigeria","5510","Production","01520.01","Cassava, fresh","2020","2020","t","55565610","A","Official figure",""
"QCL","Crops and livestock products","566","Nigeria","5312","Area harvested","01520.01","Cassava, fresh","2021","2021","ha","9979330","A","Official figure",""
"QCL","Crops and livestock products","566","Nigeria","5412","Yield","01520.01","Cassava, fresh","2021","2021","kg/ha","5835.8","A","Official figure",""
"QCL","Crops and livestock products","566","Nigeria","5510","Production","01520.01","Cassava, fresh","2021","2021","t","58237500","A","Official figure",""
"QCL","Crops and livestock products","566","Nigeria","5312","Area harvested","01520.01","Cassava, fresh","2022","2022","ha","10043720","I","Value imputed by a receiving agency",""
"QCL","Crops and livestock products","566","Nigeria","5412","Yield","01520.01","Cassava, fresh","2022","2022","kg/ha","6109.2","E","Estimated value",""
"QCL","Crops and livestock products","566","Nigeria","5510","Production","01520.01","Cassava, fresh","2022","2022","t","61359000.56","I","Value imputed by a receiving agency",""
"QCL","Crops and livestock products","566","Nigeria","5312","Area harvested","01520.01","Cassava, fresh","2023","2023","ha","10127666","I","Value imputed by a receiving agency",""
"QCL","Crops and livestock products","566","Nigeria","5412","Yield","01520.01","Cassava, fresh","2023","2023","kg/ha","6196.1","E","Estimated value",""
"QCL","Crops and livestock products","566","Nigeria","5510","Production","01520.01","Cassava, fresh","2023","2023","t","62751586.43","E","Estimated value",""
"QCL","Crops and livestock products","566","Nigeria","5312","Area harvested","01520.01","Cassava, fresh","2024","2024","ha","10722539","I","Value imputed by a receiving agency",""
"QCL","Crops and livestock products","566","Nigeria","5412","Yield","01520.01","Cassava, fresh","2024","2024","kg/ha","5840.5","E","Estimated value",""
"QCL","Crops and livestock products","566","Nigeria","5510","Production","01520.01","Cassava, fresh","2024","2024","t","62624946.19","E","Estimated value",""
"QCL","Crops and livestock products","566","Nigeria","5312","Area harvested","01640","Cocoa beans","2000","2000","ha","966000","A","Official figure",""
"QCL","Crops and livestock products","566","Nigeria","5412","Yield","01640","Cocoa beans","2000","2000","kg/ha","349.9","A","Official figure",""
"QCL","Crops and livestock products","566","Nigeria","5510","Production","01640","Cocoa beans","2000","2000","t","338000","A","Official figure",""
"QCL","Crops and livestock products","566","Nigeria","5312","Area harvested","01640","Cocoa beans","2001","2001","ha","966000","A","Official figure",""
"QCL","Crops and livestock products","566","Nigeria","5412","Yield","01640","Cocoa beans","2001","2001","kg/ha","352","A","Official figure",""
"QCL","Crops and livestock products","566","Nigeria","5510","Production","01640","Cocoa beans","2001","2001","t","340000","A","Official figure",""
"QCL","Crops and livestock products","566","Nigeria","5312","Area harvested","01640","Cocoa beans","2002","2002","ha","1030000","A","Official figure",""
"QCL","Crops and livestock products","566","Nigeria","5412","Yield","01640","Cocoa beans","2002","2002","kg/ha","351.5","A","Official figure",""
"QCL","Crops and livestock products","566","Nigeria","5510","Production","01640","Cocoa beans","2002","2002","t","362000","A","Official figure",""
"QCL","Crops and livestock products","566","Nigeria","5312","Area harvested","01640","Cocoa beans","2003","2003","ha","1002000","A","Official figure",""
"QCL","Crops and livestock products","566","Nigeria","5412","Yield","01640","Cocoa beans","2003","2003","kg/ha","384.2","A","Official figure",""
"QCL","Crops and livestock products","566","Nigeria","5510","Production","01640","Cocoa beans","2003","2003","t","385000","A","Official figure",""
"QCL","Crops and livestock products","566","Nigeria","5312","Area harvested","01640","Cocoa beans","2004","2004","ha","1062000","A","Official figure",""
"QCL","Crops and livestock products","566","Nigeria","5412","Yield","01640","Cocoa beans","2004","2004","kg/ha","387.9","A","Official figure",""
"QCL","Crops and livestock products","566","Nigeria","5510","Production","01640","Cocoa beans","2004","2004","t","412000","A","Official figure",""
"QCL","Crops and livestock products","566","Nigeria","5312","Area harvested","01640","Cocoa beans","2005","2005","ha","1198902","I","Value imputed by a receiving agency",""
"QCL","Crops and livestock products","566","Nigeria","5412","Yield","01640","Cocoa beans","2005","2005","kg/ha","367.8","E","Estimated value",""
"QCL","Crops and livestock products","566","Nigeria","5510","Production","01640","Cocoa beans","2005","2005","t","441000","A","Official figure",""
"QCL","Crops and livestock products","566","Nigeria","5312","Area harvested","01640","Cocoa beans","2006","2006","ha","1104000","E","Estimated value",""
"QCL","Crops and livestock products","566","Nigeria","5412","Yield","01640","Cocoa beans","2006","2006","kg/ha","439.3","E","Estimated value",""
"QCL","Crops and livestock products","566","Nigeria","5510","Production","01640","Cocoa beans","2006","2006","t","485000","A","Official figure",""
"QCL","Crops and livestock products","566","Nigeria","5312","Area harvested","01640","Cocoa beans","2007","2007","ha","1359550","A","Official figure",""
"QCL","Crops and livestock products","566","Nigeria","5412","Yield","01640","Cocoa beans","2007","2007","kg/ha","265.2","A","Official figure",""
"QCL","Crops and livestock products","566","Nigeria","5510","Production","01640","Cocoa beans","2007","2007","t","360570","A","Official figure",""
"QCL","Crops and livestock products","566","Nigeria","5312","Area harvested","01640","Cocoa beans","2008","2008","ha","1349130","A","Official figure",""
"QCL","Crops and livestock products","566","Nigeria","5412","Yield","01640","Cocoa beans","2008","2008","kg/ha","272","A","Official figure",""
"QCL","Crops and livestock products","566","Nigeria","5510","Production","01640","Cocoa beans","2008","2008","t","367020","A","Official figure",""
"QCL","Crops and livestock products","566","Nigeria","5312","Area harvested","01640","Cocoa beans","2009","2009","ha","1354340","A","Official figure",""
"QCL","Crops and livestock products","566","Nigeria","5412","Yield","01640","Cocoa beans","2009","2009","kg/ha","268.4","A","Official figure",""
"QCL","Crops and livestock products","566","Nigeria","5510","Production","01640","Cocoa beans","2009","2009","t","363510","A","Official figure",""
"QCL","Crops and livestock products","566","Nigeria","5312","Area harvested","01640","Cocoa beans","2010","2010","ha","1272430","A","Official figure",""
"QCL","Crops and livestock products","566","Nigeria","5412","Yield","01640","Cocoa beans","2010","2010","kg/ha","313.7","A","Official figure",""
"QCL","Crops and livestock products","566","Nigeria","5510","Production","01640","Cocoa beans","2010","2010","t","399200","A","Official figure",""
"QCL","Crops and livestock products","566","Nigeria","5312","Area harvested","01640","Cocoa beans","2011","2011","ha","1241329","I","Value imputed by a receiving agency",""
"QCL","Crops and livestock products","566","Nigeria","5412","Yield","01640","Cocoa beans","2011","2011","kg/ha","315","E","Estimated value",""
"QCL","Crops and livestock products","566","Nigeria","5510","Production","01640","Cocoa beans","2011","2011","t","391000","X","Figure from external organization","Unofficial figure"
"QCL","Crops and livestock products","566","Nigeria","5312","Area harvested","01640","Cocoa beans","2012","2012","ha","1266347","I","Value imputed by a receiving agency",""
"QCL","Crops and livestock products","566","Nigeria","5412","Yield","01640","Cocoa beans","2012","2012","kg/ha","302.4","E","Estimated value",""
"QCL","Crops and livestock products","566","Nigeria","5510","Production","01640","Cocoa beans","2012","2012","t","383000","X","Figure from external organization","Unofficial figure"
"QCL","Crops and livestock products","566","Nigeria","5312","Area harvested","01640","Cocoa beans","2013","2013","ha","1239750","I","Value imputed by a receiving agency",""
"QCL","Crops and livestock products","566","Nigeria","5412","Yield","01640","Cocoa beans","2013","2013","kg/ha","296","E","Estimated value",""
"QCL","Crops and livestock products","566","Nigeria","5510","Production","01640","Cocoa beans","2013","2013","t","367000","X","Figure from external organization","Unofficial figure"
"QCL","Crops and livestock products","566","Nigeria","5312","Area harvested","01640","Cocoa beans","2014","2014","ha","1144659","I","Value imputed by a receiving agency",""
"QCL","Crops and livestock products","566","Nigeria","5412","Yield","01640","Cocoa beans","2014","2014","kg/ha","288.2","E","Estimated value",""
"QCL","Crops and livestock products","566","Nigeria","5510","Production","01640","Cocoa beans","2014","2014","t","329870","A","Official figure",""
"QCL","Crops and livestock products","566","Nigeria","5312","Area harvested","01640","Cocoa beans","2015","2015","ha","1056893","I","Value imputed by a receiving agency",""
"QCL","Crops and livestock products","566","Nigeria","5412","Yield","01640","Cocoa beans","2015","2015","kg/ha","285.8","E","Estimated value",""
"QCL","Crops and livestock products","566","Nigeria","5510","Production","01640","Cocoa beans","2015","2015","t","302066","A","Official figure",""
"QCL","Crops and livestock products","566","Nigeria","5312","Area harvested","01640","Cocoa beans","2016","2016","ha","1048945","I","Value imputed by a receiving agency",""
"QCL","Crops and livestock products","566","Nigeria","5412","Yield","01640","Cocoa beans","2016","2016","kg/ha","284.1","E","Estimated value",""
"QCL","Crops and livestock products","566","Nigeria","5510","Production","01640","Cocoa beans","2016","2016","t","298029","A","Official figure",""
"QCL","Crops and livestock products","566","Nigeria","5312","Area harvested","01640","Cocoa beans","2017","2017","ha","892101","I","Value imputed by a receiving agency",""
"QCL","Crops and livestock products","566","Nigeria","5412","Yield","01640","Cocoa beans","2017","2017","kg/ha","280.2","E","Estimated value",""
"QCL","Crops and livestock products","566","Nigeria","5510","Production","01640","Cocoa beans","2017","2017","t","250000","X","Figure from external organization","Unofficial figure"
"QCL","Crops and livestock products","566","Nigeria","5312","Area harvested","01640","Cocoa beans","2018","2018","ha","950132","I","Value imputed by a receiving agency",""
"QCL","Crops and livestock products","566","Nigeria","5412","Yield","01640","Cocoa beans","2018","2018","kg/ha","284.2","E","Estimated value",""
"QCL","Crops and livestock products","566","Nigeria","5510","Production","01640","Cocoa beans","2018","2018","t","270000","X","Figure from external organization","Unofficial figure"
"QCL","Crops and livestock products","566","Nigeria","5312","Area harvested","01640","Cocoa beans","2019","2019","ha","885571","I","Value imputed by a receiving agency",""
"QCL","Crops and livestock products","566","Nigeria","5412","Yield","01640","Cocoa beans","2019","2019","kg/ha","282.3","E","Estimated value",""
"QCL","Crops and livestock products","566","Nigeria","5510","Production","01640","Cocoa beans","2019","2019","t","250000","X","Figure from external organization","Unofficial figure"
"QCL","Crops and livestock products","566","Nigeria","5312","Area harvested","01640","Cocoa beans","2020","2020","ha","1188468","A","Official figure",""
"QCL","Crops and livestock products","566","Nigeria","5412","Yield","01640","Cocoa beans","2020","2020","kg/ha","300.9","A","Official figure",""
"QCL","Crops and livestock products","566","Nigeria","5510","Production","01640","Cocoa beans","2020","2020","t","357608.24","A","Official figure",""
"QCL","Crops and livestock products","566","Nigeria","5312","Area harvested","01640","Cocoa beans","2021","2021","ha","1007284","I","Value imputed by a receiving agency",""
"QCL","Crops and livestock products","566","Nigeria","5412","Yield","01640","Cocoa beans","2021","2021","kg/ha","278","E","Estimated value",""
"QCL","Crops and livestock products","566","Nigeria","5510","Production","01640","Cocoa beans","2021","2021","t","280000","X","Figure from external organization","Unofficial figure"
"QCL","Crops and livestock products","566","Nigeria","5312","Area harvested","01640","Cocoa beans","2022","2022","ha","1099270","I","Value imputed by a receiving agency",""
"QCL","Crops and livestock products","566","Nigeria","5412","Yield","01640","Cocoa beans","2022","2022","kg/ha","272.9","E","Estimated value",""
"QCL","Crops and livestock products","566","Nigeria","5510","Production","01640","Cocoa beans","2022","2022","t","300000","X","Figure from external organization","Unofficial figure"
"QCL","Crops and livestock products","566","Nigeria","5312","Area harvested","01640","Cocoa beans","2023","2023","ha","1284956","I","Value imputed by a receiving agency",""
"QCL","Crops and livestock products","566","Nigeria","5412","Yield","01640","Cocoa beans","2023","2023","kg/ha","272.4","E","Estimated value",""
"QCL","Crops and livestock products","566","Nigeria","5510","Production","01640","Cocoa beans","2023","2023","t","350000","X","Figure from external organization","Unofficial figure"
"QCL","Crops and livestock products","566","Nigeria","5312","Area harvested","01640","Cocoa beans","2024","2024","ha","1300407","I","Value imputed by a receiving agency",""
"QCL","Crops and livestock products","566","Nigeria","5412","Yield","01640","Cocoa beans","2024","2024","kg/ha","269.1","E","Estimated value",""
"QCL","Crops and livestock products","566","Nigeria","5510","Production","01640","Cocoa beans","2024","2024","t","350000","X","Figure from external organization","Unofficial figure"
"QCL","Crops and livestock products","566","Nigeria","5312","Area harvested","01460","Coconuts, in shell","2000","2000","ha","36000","A","Official figure",""
"QCL","Crops and livestock products","566","Nigeria","5412","Yield","01460","Coconuts, in shell","2000","2000","kg/ha","4444.4","A","Official figure",""
"QCL","Crops and livestock products","566","Nigeria","5510","Production","01460","Coconuts, in shell","2000","2000","t","160000","A","Official figure",""
"QCL","Crops and livestock products","566","Nigeria","5312","Area harvested","01460","Coconuts, in shell","2001","2001","ha","36000","A","Official figure",""
"QCL","Crops and livestock products","566","Nigeria","5412","Yield","01460","Coconuts, in shell","2001","2001","kg/ha","4472.2","A","Official figure",""
"QCL","Crops and livestock products","566","Nigeria","5510","Production","01460","Coconuts, in shell","2001","2001","t","161000","A","Official figure",""
"QCL","Crops and livestock products","566","Nigeria","5312","Area harvested","01460","Coconuts, in shell","2002","2002","ha","38000","A","Official figure",""
"QCL","Crops and livestock products","566","Nigeria","5412","Yield","01460","Coconuts, in shell","2002","2002","kg/ha","4500","A","Official figure",""
"QCL","Crops and livestock products","566","Nigeria","5510","Production","01460","Coconuts, in shell","2002","2002","t","171000","A","Official figure",""
"QCL","Crops and livestock products","566","Nigeria","5312","Area harvested","01460","Coconuts, in shell","2003","2003","ha","39000","A","Official figure",""
"QCL","Crops and livestock products","566","Nigeria","5412","Yield","01460","Coconuts, in shell","2003","2003","kg/ha","4666.7","A","Official figure",""
"QCL","Crops and livestock products","566","Nigeria","5510","Production","01460","Coconuts, in shell","2003","2003","t","182000","A","Official figure",""
"QCL","Crops and livestock products","566","Nigeria","5312","Area harvested","01460","Coconuts, in shell","2004","2004","ha","39000","A","Official figure",""
"QCL","Crops and livestock products","566","Nigeria","5412","Yield","01460","Coconuts, in shell","2004","2004","kg/ha","5000","A","Official figure",""
"QCL","Crops and livestock products","566","Nigeria","5510","Production","01460","Coconuts, in shell","2004","2004","t","195000","A","Official figure",""
"QCL","Crops and livestock products","566","Nigeria","5312","Area harvested","01460","Coconuts, in shell","2005","2005","ha","39000","A","Official figure",""
"QCL","Crops and livestock products","566","Nigeria","5412","Yield","01460","Coconuts, in shell","2005","2005","kg/ha","5359","A","Official figure",""
"QCL","Crops and livestock products","566","Nigeria","5510","Production","01460","Coconuts, in shell","2005","2005","t","209000","A","Official figure",""
"QCL","Crops and livestock products","566","Nigeria","5312","Area harvested","01460","Coconuts, in shell","2006","2006","ha","39000","A","Official figure",""
"QCL","Crops and livestock products","566","Nigeria","5412","Yield","01460","Coconuts, in shell","2006","2006","kg/ha","5769.2","A","Official figure",""
"QCL","Crops and livestock products","566","Nigeria","5510","Production","01460","Coconuts, in shell","2006","2006","t","225000","A","Official figure",""
"QCL","Crops and livestock products","566","Nigeria","5312","Area harvested","01460","Coconuts, in shell","2007","2007","ha","41000","A","Official figure",""
"QCL","Crops and livestock products","566","Nigeria","5412","Yield","01460","Coconuts, in shell","2007","2007","kg/ha","5500","A","Official figure",""
"QCL","Crops and livestock products","566","Nigeria","5510","Production","01460","Coconuts, in shell","2007","2007","t","225500","A","Official figure",""
"QCL","Crops and livestock products","566","Nigeria","5312","Area harvested","01460","Coconuts, in shell","2008","2008","ha","41000","A","Official figure",""
"QCL","Crops and livestock products","566","Nigeria","5412","Yield","01460","Coconuts, in shell","2008","2008","kg/ha","5707.3","A","Official figure",""
"QCL","Crops and livestock products","566","Nigeria","5510","Production","01460","Coconuts, in shell","2008","2008","t","234000","A","Official figure",""
"QCL","Crops and livestock products","566","Nigeria","5312","Area harvested","01460","Coconuts, in shell","2009","2009","ha","39000","X","Figure from external organization","Unofficial figure"
"QCL","Crops and livestock products","566","Nigeria","5412","Yield","01460","Coconuts, in shell","2009","2009","kg/ha","6229.5","X","Figure from external organization",""
"QCL","Crops and livestock products","566","Nigeria","5510","Production","01460","Coconuts, in shell","2009","2009","t","242949","X","Figure from external organization","Unofficial figure"
"QCL","Crops and livestock products","566","Nigeria","5312","Area harvested","01460","Coconuts, in shell","2010","2010","ha","39000","X","Figure from external organization","Unofficial figure"
"QCL","Crops and livestock products","566","Nigeria","5412","Yield","01460","Coconuts, in shell","2010","2010","kg/ha","6764.5","X","Figure from external organization",""
"QCL","Crops and livestock products","566","Nigeria","5510","Production","01460","Coconuts, in shell","2010","2010","t","263815","X","Figure from external organization","Unofficial figure"
"QCL","Crops and livestock products","566","Nigeria","5312","Area harvested","01460","Coconuts, in shell","2011","2011","ha","39000","X","Figure from external organization","Unofficial figure"
"QCL","Crops and livestock products","566","Nigeria","5412","Yield","01460","Coconuts, in shell","2011","2011","kg/ha","6794.9","X","Figure from external organization",""
"QCL","Crops and livestock products","566","Nigeria","5510","Production","01460","Coconuts, in shell","2011","2011","t","265000","X","Figure from external organization","Unofficial figure"
"QCL","Crops and livestock products","566","Nigeria","5312","Area harvested","01460","Coconuts, in shell","2012","2012","ha","39000","X","Figure from external organization","Unofficial figure"
"QCL","Crops and livestock products","566","Nigeria","5412","Yield","01460","Coconuts, in shell","2012","2012","kg/ha","6790.1","X","Figure from external organization",""
"QCL","Crops and livestock products","566","Nigeria","5510","Production","01460","Coconuts, in shell","2012","2012","t","264814","X","Figure from external organization","Unofficial figure"
"QCL","Crops and livestock products","566","Nigeria","5312","Area harvested","01460","Coconuts, in shell","2013","2013","ha","39000","X","Figure from external organization","Unofficial figure"
"QCL","Crops and livestock products","566","Nigeria","5412","Yield","01460","Coconuts, in shell","2013","2013","kg/ha","6821.7","X","Figure from external organization",""
"QCL","Crops and livestock products","566","Nigeria","5510","Production","01460","Coconuts, in shell","2013","2013","t","266045","X","Figure from external organization","Unofficial figure"
"QCL","Crops and livestock products","566","Nigeria","5312","Area harvested","01460","Coconuts, in shell","2014","2014","ha","38907","A","Official figure",""
"QCL","Crops and livestock products","566","Nigeria","5412","Yield","01460","Coconuts, in shell","2014","2014","kg/ha","6875.9","E","Estimated value",""
"QCL","Crops and livestock products","566","Nigeria","5510","Production","01460","Coconuts, in shell","2014","2014","t","267520","X","Figure from external organization","Unofficial figure"
"QCL","Crops and livestock products","566","Nigeria","5312","Area harvested","01460","Coconuts, in shell","2015","2015","ha","36384","I","Value imputed by a receiving agency",""
"QCL","Crops and livestock products","566","Nigeria","5412","Yield","01460","Coconuts, in shell","2015","2015","kg/ha","7027.8","E","Estimated value",""
"QCL","Crops and livestock products","566","Nigeria","5510","Production","01460","Coconuts, in shell","2015","2015","t","255700","X","Figure from external organization","Unofficial figure"
"QCL","Crops and livestock products","566","Nigeria","5312","Area harvested","01460","Coconuts, in shell","2016","2016","ha","37725","I","Value imputed by a receiving agency",""
"QCL","Crops and livestock products","566","Nigeria","5412","Yield","01460","Coconuts, in shell","2016","2016","kg/ha","7223.3","E","Estimated value",""
"QCL","Crops and livestock products","566","Nigeria","5510","Production","01460","Coconuts, in shell","2016","2016","t","272500","X","Figure from external organization","Unofficial figure"
"QCL","Crops and livestock products","566","Nigeria","5312","Area harvested","01460","Coconuts, in shell","2017","2017","ha","37927","I","Value imputed by a receiving agency",""
"QCL","Crops and livestock products","566","Nigeria","5412","Yield","01460","Coconuts, in shell","2017","2017","kg/ha","7311.4","E","Estimated value",""
"QCL","Crops and livestock products","566","Nigeria","5510","Production","01460","Coconuts, in shell","2017","2017","t","277300","X","Figure from external organization","Unofficial figure"
"QCL","Crops and livestock products","566","Nigeria","5312","Area harvested","01460","Coconuts, in shell","2018","2018","ha","36867","I","Value imputed by a receiving agency",""
"QCL","Crops and livestock products","566","Nigeria","5412","Yield","01460","Coconuts, in shell","2018","2018","kg/ha","7424","E","Estimated value",""
"QCL","Crops and livestock products","566","Nigeria","5510","Production","01460","Coconuts, in shell","2018","2018","t","273700","X","Figure from external organization","Unofficial figure"
"QCL","Crops and livestock products","566","Nigeria","5312","Area harvested","01460","Coconuts, in shell","2019","2019","ha","36396","I","Value imputed by a receiving agency",""
"QCL","Crops and livestock products","566","Nigeria","5412","Yield","01460","Coconuts, in shell","2019","2019","kg/ha","7553","E","Estimated value",""
"QCL","Crops and livestock products","566","Nigeria","5510","Production","01460","Coconuts, in shell","2019","2019","t","274900","X","Figure from external organization","Unofficial figure"
"QCL","Crops and livestock products","566","Nigeria","5312","Area harvested","01460","Coconuts, in shell","2020","2020","ha","35319","I","Value imputed by a receiving agency",""
"QCL","Crops and livestock products","566","Nigeria","5412","Yield","01460","Coconuts, in shell","2020","2020","kg/ha","7681.4","E","Estimated value",""
"QCL","Crops and livestock products","566","Nigeria","5510","Production","01460","Coconuts, in shell","2020","2020","t","271300","X","Figure from external organization","Unofficial figure"
"QCL","Crops and livestock products","566","Nigeria","5312","Area harvested","01460","Coconuts, in shell","2021","2021","ha","34621","I","Value imputed by a receiving agency",""
"QCL","Crops and livestock products","566","Nigeria","5412","Yield","01460","Coconuts, in shell","2021","2021","kg/ha","7836.2","E","Estimated value",""
"QCL","Crops and livestock products","566","Nigeria","5510","Production","01460","Coconuts, in shell","2021","2021","t","271300","X","Figure from external organization","Unofficial figure"
"QCL","Crops and livestock products","566","Nigeria","5312","Area harvested","01460","Coconuts, in shell","2022","2022","ha","34621","I","Value imputed by a receiving agency",""
"QCL","Crops and livestock products","566","Nigeria","5412","Yield","01460","Coconuts, in shell","2022","2022","kg/ha","7836.4","E","Estimated value",""
"QCL","Crops and livestock products","566","Nigeria","5510","Production","01460","Coconuts, in shell","2022","2022","t","271300","X","Figure from external organization","Unofficial figure"
"QCL","Crops and livestock products","566","Nigeria","5312","Area harvested","01460","Coconuts, in shell","2023","2023","ha","35933","I","Value imputed by a receiving agency",""
"QCL","Crops and livestock products","566","Nigeria","5412","Yield","01460","Coconuts, in shell","2023","2023","kg/ha","7917.5","E","Estimated value",""
"QCL","Crops and livestock products","566","Nigeria","5510","Production","01460","Coconuts, in shell","2023","2023","t","284500","X","Figure from external organization","Unofficial figure"
"QCL","Crops and livestock products","566","Nigeria","5312","Area harvested","01460","Coconuts, in shell","2024","2024","ha","36232","I","Value imputed by a receiving agency",""
"QCL","Crops and livestock products","566","Nigeria","5412","Yield","01460","Coconuts, in shell","2024","2024","kg/ha","7998.7","E","Estimated value",""
"QCL","Crops and livestock products","566","Nigeria","5510","Production","01460","Coconuts, in shell","2024","2024","t","289806.86","I","Value imputed by a receiving agency",""
"QCL","Crops and livestock products","566","Nigeria","5312","Area harvested","01610","Coffee, green","2000","2000","ha","3190","A","Official figure",""
"QCL","Crops and livestock products","566","Nigeria","5412","Yield","01610","Coffee, green","2000","2000","kg/ha","1200.6","A","Official figure",""
"QCL","Crops and livestock products","566","Nigeria","5510","Production","01610","Coffee, green","2000","2000","t","3830","A","Official figure",""
"QCL","Crops and livestock products","566","Nigeria","5312","Area harvested","01610","Coffee, green","2001","2001","ha","3210","A","Official figure",""
"QCL","Crops and livestock products","566","Nigeria","5412","Yield","01610","Coffee, green","2001","2001","kg/ha","1199.4","A","Official figure",""
"QCL","Crops and livestock products","566","Nigeria","5510","Production","01610","Coffee, green","2001","2001","t","3850","A","Official figure",""
"QCL","Crops and livestock products","566","Nigeria","5312","Area harvested","01610","Coffee, green","2002","2002","ha","3330","A","Official figure",""
"QCL","Crops and livestock products","566","Nigeria","5412","Yield","01610","Coffee, green","2002","2002","kg/ha","1231.2","A","Official figure",""
"QCL","Crops and livestock products","566","Nigeria","5510","Production","01610","Coffee, green","2002","2002","t","4100","A","Official figure",""
"QCL","Crops and livestock products","566","Nigeria","5312","Area harvested","01610","Coffee, green","2003","2003","ha","3540","A","Official figure",""
"QCL","Crops and livestock products","566","Nigeria","5412","Yield","01610","Coffee, green","2003","2003","kg/ha","1231.6","A","Official figure",""
"QCL","Crops and livestock products","566","Nigeria","5510","Production","01610","Coffee, green","2003","2003","t","4360","A","Official figure",""
"QCL","Crops and livestock products","566","Nigeria","5312","Area harvested","01610","Coffee, green","2004","2004","ha","3580","A","Official figure",""
"QCL","Crops and livestock products","566","Nigeria","5412","Yield","01610","Coffee, green","2004","2004","kg/ha","1301.7","A","Official figure",""
"QCL","Crops and livestock products","566","Nigeria","5510","Production","01610","Coffee, green","2004","2004","t","4660","A","Official figure",""
"QCL","Crops and livestock products","566","Nigeria","5312","Area harvested","01610","Coffee, green","2005","2005","ha","3670","A","Official figure",""
"QCL","Crops and livestock products","566","Nigeria","5412","Yield","01610","Coffee, green","2005","2005","kg/ha","1359.7","A","Official figure",""
"QCL","Crops and livestock products","566","Nigeria","5510","Production","01610","Coffee, green","2005","2005","t","4990","A","Official figure",""
"QCL","Crops and livestock products","566","Nigeria","5312","Area harvested","01610","Coffee, green","2006","2006","ha","3710","A","Official figure",""
"QCL","Crops and livestock products","566","Nigeria","5412","Yield","01610","Coffee, green","2006","2006","kg/ha","1439.4","A","Official figure",""
"QCL","Crops and livestock products","566","Nigeria","5510","Production","01610","Coffee, green","2006","2006","t","5340","A","Official figure",""
"QCL","Crops and livestock products","566","Nigeria","5312","Area harvested","01610","Coffee, green","2007","2007","ha","2000","E","Estimated value",""
"QCL","Crops and livestock products","566","Nigeria","5412","Yield","01610","Coffee, green","2007","2007","kg/ha","1260","E","Estimated value",""
"QCL","Crops and livestock products","566","Nigeria","5510","Production","01610","Coffee, green","2007","2007","t","2520","X","Figure from external organization","Unofficial figure"
"QCL","Crops and livestock products","566","Nigeria","5312","Area harvested","01610","Coffee, green","2008","2008","ha","2100","E","Estimated value",""
"QCL","Crops and livestock products","566","Nigeria","5412","Yield","01610","Coffee, green","2008","2008","kg/ha","1428.6","E","Estimated value",""
"QCL","Crops and livestock products","566","Nigeria","5510","Production","01610","Coffee, green","2008","2008","t","3000","X","Figure from external organization","Unofficial figure"
"QCL","Crops and livestock products","566","Nigeria","5312","Area harvested","01610","Coffee, green","2009","2009","ha","1800","E","Estimated value",""
"QCL","Crops and livestock products","566","Nigeria","5412","Yield","01610","Coffee, green","2009","2009","kg/ha","1133.3","E","Estimated value",""
"QCL","Crops and livestock products","566","Nigeria","5510","Production","01610","Coffee, green","2009","2009","t","2040","X","Figure from external organization","Unofficial figure"
"QCL","Crops and livestock products","566","Nigeria","5312","Area harvested","01610","Coffee, green","2010","2010","ha","1990","I","Value imputed by a receiving agency",""
"QCL","Crops and livestock products","566","Nigeria","5412","Yield","01610","Coffee, green","2010","2010","kg/ha","1206.3","E","Estimated value",""
"QCL","Crops and livestock products","566","Nigeria","5510","Production","01610","Coffee, green","2010","2010","t","2400","X","Figure from external organization","Unofficial figure"
"QCL","Crops and livestock products","566","Nigeria","5312","Area harvested","01610","Coffee, green","2011","2011","ha","1942","I","Value imputed by a receiving agency",""
"QCL","Crops and livestock products","566","Nigeria","5412","Yield","01610","Coffee, green","2011","2011","kg/ha","1300.1","E","Estimated value",""
"QCL","Crops and livestock products","566","Nigeria","5510","Production","01610","Coffee, green","2011","2011","t","2524.57","I","Value imputed by a receiving agency",""
"QCL","Crops and livestock products","566","Nigeria","5312","Area harvested","01610","Coffee, green","2012","2012","ha","1893","I","Value imputed by a receiving agency",""
"QCL","Crops and livestock products","566","Nigeria","5412","Yield","01610","Coffee, green","2012","2012","kg/ha","1276.7","E","Estimated value",""
"QCL","Crops and livestock products","566","Nigeria","5510","Production","01610","Coffee, green","2012","2012","t","2416.92","I","Value imputed by a receiving agency",""
"QCL","Crops and livestock products","566","Nigeria","5312","Area harvested","01610","Coffee, green","2013","2013","ha","1639","I","Value imputed by a receiving agency",""
"QCL","Crops and livestock products","566","Nigeria","5412","Yield","01610","Coffee, green","2013","2013","kg/ha","1281.1","E","Estimated value",""
"QCL","Crops and livestock products","566","Nigeria","5510","Production","01610","Coffee, green","2013","2013","t","2100","X","Figure from external organization","Unofficial figure"
"QCL","Crops and livestock products","566","Nigeria","5312","Area harvested","01610","Coffee, green","2014","2014","ha","1520","I","Value imputed by a receiving agency",""
"QCL","Crops and livestock products","566","Nigeria","5412","Yield","01610","Coffee, green","2014","2014","kg/ha","1297.4","E","Estimated value",""
"QCL","Crops and livestock products","566","Nigeria","5510","Production","01610","Coffee, green","2014","2014","t","1972.17","I","Value imputed by a receiving agency",""
"QCL","Crops and livestock products","566","Nigeria","5312","Area harvested","01610","Coffee, green","2015","2015","ha","1345","I","Value imputed by a receiving agency",""
"QCL","Crops and livestock products","566","Nigeria","5412","Yield","01610","Coffee, green","2015","2015","kg/ha","1304.5","E","Estimated value",""
"QCL","Crops and livestock products","566","Nigeria","5510","Production","01610","Coffee, green","2015","2015","t","1754.52","I","Value imputed by a receiving agency",""
"QCL","Crops and livestock products","566","Nigeria","5312","Area harvested","01610","Coffee, green","2016","2016","ha","1501","E","Estimated value",""
"QCL","Crops and livestock products","566","Nigeria","5412","Yield","01610","Coffee, green","2016","2016","kg/ha","1293.6","E","Estimated value",""
"QCL","Crops and livestock products","566","Nigeria","5510","Production","01610","Coffee, green","2016","2016","t","1942.23","E","Estimated value",""
"QCL","Crops and livestock products","566","Nigeria","5312","Area harvested","01610","Coffee, green","2017","2017","ha","1455","E","Estimated value",""
"QCL","Crops and livestock products","566","Nigeria","5412","Yield","01610","Coffee, green","2017","2017","kg/ha","1298.3","E","Estimated value",""
"QCL","Crops and livestock products","566","Nigeria","5510","Production","01610","Coffee, green","2017","2017","t","1889.64","E","Estimated value",""
"QCL","Crops and livestock products","566","Nigeria","5312","Area harvested","01610","Coffee, green","2018","2018","ha","1434","E","Estimated value",""
"QCL","Crops and livestock products","566","Nigeria","5412","Yield","01610","Coffee, green","2018","2018","kg/ha","1298.6","E","Estimated value",""
"QCL","Crops and livestock products","566","Nigeria","5510","Production","01610","Coffee, green","2018","2018","t","1862.13","E","Estimated value",""
"QCL","Crops and livestock products","566","Nigeria","5312","Area harvested","01610","Coffee, green","2019","2019","ha","1421","I","Value imputed by a receiving agency",""
"QCL","Crops and livestock products","566","Nigeria","5412","Yield","01610","Coffee, green","2019","2019","kg/ha","1302.9","E","Estimated value",""
"QCL","Crops and livestock products","566","Nigeria","5510","Production","01610","Coffee, green","2019","2019","t","1852.02","I","Value imputed by a receiving agency",""
"QCL","Crops and livestock products","566","Nigeria","5312","Area harvested","01610","Coffee, green","2020","2020","ha","1380","I","Value imputed by a receiving agency",""
"QCL","Crops and livestock products","566","Nigeria","5412","Yield","01610","Coffee, green","2020","2020","kg/ha","1308.8","E","Estimated value",""
"QCL","Crops and livestock products","566","Nigeria","5510","Production","01610","Coffee, green","2020","2020","t","1806.08","I","Value imputed by a receiving agency",""
"QCL","Crops and livestock products","566","Nigeria","5312","Area harvested","01610","Coffee, green","2021","2021","ha","1367","I","Value imputed by a receiving agency",""
"QCL","Crops and livestock products","566","Nigeria","5412","Yield","01610","Coffee, green","2021","2021","kg/ha","1315.8","E","Estimated value",""
"QCL","Crops and livestock products","566","Nigeria","5510","Production","01610","Coffee, green","2021","2021","t","1798.95","I","Value imputed by a receiving agency",""
"QCL","Crops and livestock products","566","Nigeria","5312","Area harvested","01610","Coffee, green","2022","2022","ha","1390","E","Estimated value",""
"QCL","Crops and livestock products","566","Nigeria","5412","Yield","01610","Coffee, green","2022","2022","kg/ha","1309.1","E","Estimated value",""
"QCL","Crops and livestock products","566","Nigeria","5510","Production","01610","Coffee, green","2022","2022","t","1819.02","E","Estimated value",""
"QCL","Crops and livestock products","566","Nigeria","5312","Area harvested","01610","Coffee, green","2023","2023","ha","1379","E","Estimated value",""
"QCL","Crops and livestock products","566","Nigeria","5412","Yield","01610","Coffee, green","2023","2023","kg/ha","1311.2","E","Estimated value",""
"QCL","Crops and livestock products","566","Nigeria","5510","Production","01610","Coffee, green","2023","2023","t","1808.01","E","Estimated value",""
"QCL","Crops and livestock products","566","Nigeria","5312","Area harvested","01610","Coffee, green","2024","2024","ha","1379","E","Estimated value",""
"QCL","Crops and livestock products","566","Nigeria","5412","Yield","01610","Coffee, green","2024","2024","kg/ha","1312","E","Estimated value",""
"QCL","Crops and livestock products","566","Nigeria","5510","Production","01610","Coffee, green","2024","2024","t","1808.66","E","Estimated value",""
"QCL","Crops and livestock products","566","Nigeria","5312","Area harvested","01706","Cow peas, dry","2000","2000","ha","3583000","A","Official figure",""
"QCL","Crops and livestock products","566","Nigeria","5412","Yield","01706","Cow peas, dry","2000","2000","kg/ha","600.1","A","Official figure",""
"QCL","Crops and livestock products","566","Nigeria","5510","Production","01706","Cow peas, dry","2000","2000","t","2150000","A","Official figure",""
"QCL","Crops and livestock products","566","Nigeria","5312","Area harvested","01706","Cow peas, dry","2001","2001","ha","3620000","A","Official figure",""
"QCL","Crops and livestock products","566","Nigeria","5412","Yield","01706","Cow peas, dry","2001","2001","kg/ha","600","A","Official figure",""
"QCL","Crops and livestock products","566","Nigeria","5510","Production","01706","Cow peas, dry","2001","2001","t","2172000","A","Official figure",""
"QCL","Crops and livestock products","566","Nigeria","5312","Area harvested","01706","Cow peas, dry","2002","2002","ha","3668000","A","Official figure",""
"QCL","Crops and livestock products","566","Nigeria","5412","Yield","01706","Cow peas, dry","2002","2002","kg/ha","630","A","Official figure",""
"QCL","Crops and livestock products","566","Nigeria","5510","Production","01706","Cow peas, dry","2002","2002","t","2311000","A","Official figure",""
"QCL","Crops and livestock products","566","Nigeria","5312","Area harvested","01706","Cow peas, dry","2003","2003","ha","3726000","A","Official figure",""
"QCL","Crops and livestock products","566","Nigeria","5412","Yield","01706","Cow peas, dry","2003","2003","kg/ha","660","A","Official figure",""
"QCL","Crops and livestock products","566","Nigeria","5510","Production","01706","Cow peas, dry","2003","2003","t","2459000","A","Official figure",""
"QCL","Crops and livestock products","566","Nigeria","5312","Area harvested","01706","Cow peas, dry","2004","2004","ha","3986000","A","Official figure",""
"QCL","Crops and livestock products","566","Nigeria","5412","Yield","01706","Cow peas, dry","2004","2004","kg/ha","660.1","A","Official figure",""
"QCL","Crops and livestock products","566","Nigeria","5510","Production","01706","Cow peas, dry","2004","2004","t","2631000","A","Official figure",""
"QCL","Crops and livestock products","566","Nigeria","5312","Area harvested","01706","Cow peas, dry","2005","2005","ha","4140000","A","Official figure",""
"QCL","Crops and livestock products","566","Nigeria","5412","Yield","01706","Cow peas, dry","2005","2005","kg/ha","680","A","Official figure",""
"QCL","Crops and livestock products","566","Nigeria","5510","Production","01706","Cow peas, dry","2005","2005","t","2815000","A","Official figure",""
"QCL","Crops and livestock products","566","Nigeria","5312","Area harvested","01706","Cow peas, dry","2006","2006","ha","4406000","A","Official figure",""
"QCL","Crops and livestock products","566","Nigeria","5412","Yield","01706","Cow peas, dry","2006","2006","kg/ha","690","A","Official figure",""
"QCL","Crops and livestock products","566","Nigeria","5510","Production","01706","Cow peas, dry","2006","2006","t","3040000","A","Official figure",""
"QCL","Crops and livestock products","566","Nigeria","5312","Area harvested","01706","Cow peas, dry","2007","2007","ha","4491000","A","Official figure",""
"QCL","Crops and livestock products","566","Nigeria","5412","Yield","01706","Cow peas, dry","2007","2007","kg/ha","668","E","Estimated value",""
"QCL","Crops and livestock products","566","Nigeria","5510","Production","01706","Cow peas, dry","2007","2007","t","3000000","E","Estimated value",""
"QCL","Crops and livestock products","566","Nigeria","5312","Area harvested","01706","Cow peas, dry","2008","2008","ha","4289000","A","Official figure",""
"QCL","Crops and livestock products","566","Nigeria","5412","Yield","01706","Cow peas, dry","2008","2008","kg/ha","679.9","A","Official figure",""
"QCL","Crops and livestock products","566","Nigeria","5510","Production","01706","Cow peas, dry","2008","2008","t","2916000","A","Official figure",""
"QCL","Crops and livestock products","566","Nigeria","5312","Area harvested","01706","Cow peas, dry","2009","2009","ha","2320590","A","Official figure",""
"QCL","Crops and livestock products","566","Nigeria","5412","Yield","01706","Cow peas, dry","2009","2009","kg/ha","1022","A","Official figure",""
"QCL","Crops and livestock products","566","Nigeria","5510","Production","01706","Cow peas, dry","2009","2009","t","2371640","A","Official figure",""
"QCL","Crops and livestock products","566","Nigeria","5312","Area harvested","01706","Cow peas, dry","2010","2010","ha","2859760","A","Official figure",""
"QCL","Crops and livestock products","566","Nigeria","5412","Yield","01706","Cow peas, dry","2010","2010","kg/ha","1177.8","A","Official figure",""
"QCL","Crops and livestock products","566","Nigeria","5510","Production","01706","Cow peas, dry","2010","2010","t","3368250","A","Official figure",""
"QCL","Crops and livestock products","566","Nigeria","5312","Area harvested","01706","Cow peas, dry","2011","2011","ha","3021175","A","Official figure",""
"QCL","Crops and livestock products","566","Nigeria","5412","Yield","01706","Cow peas, dry","2011","2011","kg/ha","544.1","A","Official figure",""
"QCL","Crops and livestock products","566","Nigeria","5510","Production","01706","Cow peas, dry","2011","2011","t","1643851","A","Official figure",""
"QCL","Crops and livestock products","566","Nigeria","5312","Area harvested","01706","Cow peas, dry","2012","2012","ha","3481000","A","Official figure",""
"QCL","Crops and livestock products","566","Nigeria","5412","Yield","01706","Cow peas, dry","2012","2012","kg/ha","1478.3","A","Official figure",""
"QCL","Crops and livestock products","566","Nigeria","5510","Production","01706","Cow peas, dry","2012","2012","t","5146000","A","Official figure",""
"QCL","Crops and livestock products","566","Nigeria","5312","Area harvested","01706","Cow peas, dry","2013","2013","ha","3593300","A","Official figure",""
"QCL","Crops and livestock products","566","Nigeria","5412","Yield","01706","Cow peas, dry","2013","2013","kg/ha","1288.7","A","Official figure",""
"QCL","Crops and livestock products","566","Nigeria","5510","Production","01706","Cow peas, dry","2013","2013","t","4630540","A","Official figure",""
"QCL","Crops and livestock products","566","Nigeria","5312","Area harvested","01706","Cow peas, dry","2014","2014","ha","3701500","A","Official figure",""
"QCL","Crops and livestock products","566","Nigeria","5412","Yield","01706","Cow peas, dry","2014","2014","kg/ha","577.6","A","Official figure",""
"QCL","Crops and livestock products","566","Nigeria","5510","Production","01706","Cow peas, dry","2014","2014","t","2137900","A","Official figure",""
"QCL","Crops and livestock products","566","Nigeria","5312","Area harvested","01706","Cow peas, dry","2015","2015","ha","3635700","A","Official figure",""
"QCL","Crops and livestock products","566","Nigeria","5412","Yield","01706","Cow peas, dry","2015","2015","kg/ha","634.3","A","Official figure",""
"QCL","Crops and livestock products","566","Nigeria","5510","Production","01706","Cow peas, dry","2015","2015","t","2306200","A","Official figure",""
"QCL","Crops and livestock products","566","Nigeria","5312","Area harvested","01706","Cow peas, dry","2016","2016","ha","4814540","A","Official figure",""
"QCL","Crops and livestock products","566","Nigeria","5412","Yield","01706","Cow peas, dry","2016","2016","kg/ha","779","A","Official figure",""
"QCL","Crops and livestock products","566","Nigeria","5510","Production","01706","Cow peas, dry","2016","2016","t","3750470","A","Official figure",""
"QCL","Crops and livestock products","566","Nigeria","5312","Area harvested","01706","Cow peas, dry","2017","2017","ha","5008440","A","Official figure",""
"QCL","Crops and livestock products","566","Nigeria","5412","Yield","01706","Cow peas, dry","2017","2017","kg/ha","773.6","A","Official figure",""
"QCL","Crops and livestock products","566","Nigeria","5510","Production","01706","Cow peas, dry","2017","2017","t","3874740","A","Official figure",""
"QCL","Crops and livestock products","566","Nigeria","5312","Area harvested","01706","Cow peas, dry","2018","2018","ha","4909060","A","Official figure",""
"QCL","Crops and livestock products","566","Nigeria","5412","Yield","01706","Cow peas, dry","2018","2018","kg/ha","816.4","A","Official figure",""
"QCL","Crops and livestock products","566","Nigeria","5510","Production","01706","Cow peas, dry","2018","2018","t","4007830","A","Official figure",""
"QCL","Crops and livestock products","566","Nigeria","5312","Area harvested","01706","Cow peas, dry","2019","2019","ha","4931320","A","Official figure",""
"QCL","Crops and livestock products","566","Nigeria","5412","Yield","01706","Cow peas, dry","2019","2019","kg/ha","824.3","A","Official figure",""
"QCL","Crops and livestock products","566","Nigeria","5510","Production","01706","Cow peas, dry","2019","2019","t","4064710","A","Official figure",""
"QCL","Crops and livestock products","566","Nigeria","5312","Area harvested","01706","Cow peas, dry","2020","2020","ha","4973530","A","Official figure",""
"QCL","Crops and livestock products","566","Nigeria","5412","Yield","01706","Cow peas, dry","2020","2020","kg/ha","831","A","Official figure",""
"QCL","Crops and livestock products","566","Nigeria","5510","Production","01706","Cow peas, dry","2020","2020","t","4132850","A","Official figure",""
"QCL","Crops and livestock products","566","Nigeria","5312","Area harvested","01706","Cow peas, dry","2021","2021","ha","5041990","A","Official figure",""
"QCL","Crops and livestock products","566","Nigeria","5412","Yield","01706","Cow peas, dry","2021","2021","kg/ha","835.6","A","Official figure",""
"QCL","Crops and livestock products","566","Nigeria","5510","Production","01706","Cow peas, dry","2021","2021","t","4213100","A","Official figure",""
"QCL","Crops and livestock products","566","Nigeria","5312","Area harvested","01706","Cow peas, dry","2022","2022","ha","4922010","I","Value imputed by a receiving agency",""
"QCL","Crops and livestock products","566","Nigeria","5412","Yield","01706","Cow peas, dry","2022","2022","kg/ha","856","E","Estimated value",""
"QCL","Crops and livestock products","566","Nigeria","5510","Production","01706","Cow peas, dry","2022","2022","t","4213094.04","I","Value imputed by a receiving agency",""
"QCL","Crops and livestock products","566","Nigeria","5312","Area harvested","01706","Cow peas, dry","2023","2023","ha","5006871","I","Value imputed by a receiving agency",""
"QCL","Crops and livestock products","566","Nigeria","5412","Yield","01706","Cow peas, dry","2023","2023","kg/ha","856","E","Estimated value",""
"QCL","Crops and livestock products","566","Nigeria","5510","Production","01706","Cow peas, dry","2023","2023","t","4285752.86","I","Value imputed by a receiving agency",""
"QCL","Crops and livestock products","566","Nigeria","5312","Area harvested","01706","Cow peas, dry","2024","2024","ha","5142986","I","Value imputed by a receiving agency",""
"QCL","Crops and livestock products","566","Nigeria","5412","Yield","01706","Cow peas, dry","2024","2024","kg/ha","833.7","E","Estimated value",""
"QCL","Crops and livestock products","566","Nigeria","5510","Production","01706","Cow peas, dry","2024","2024","t","4287630.86","I","Value imputed by a receiving agency",""
"QCL","Crops and livestock products","566","Nigeria","5312","Area harvested","01657","Ginger, raw","2000","2000","ha","158000","A","Official figure",""
"QCL","Crops and livestock products","566","Nigeria","5412","Yield","01657","Ginger, raw","2000","2000","kg/ha","620.3","A","Official figure",""
"QCL","Crops and livestock products","566","Nigeria","5510","Production","01657","Ginger, raw","2000","2000","t","98000","A","Official figure",""
"QCL","Crops and livestock products","566","Nigeria","5312","Area harvested","01657","Ginger, raw","2001","2001","ha","160000","A","Official figure",""
"QCL","Crops and livestock products","566","Nigeria","5412","Yield","01657","Ginger, raw","2001","2001","kg/ha","650","A","Official figure",""
"QCL","Crops and livestock products","566","Nigeria","5510","Production","01657","Ginger, raw","2001","2001","t","104000","A","Official figure",""
"QCL","Crops and livestock products","566","Nigeria","5312","Area harvested","01657","Ginger, raw","2002","2002","ha","162000","A","Official figure",""
"QCL","Crops and livestock products","566","Nigeria","5412","Yield","01657","Ginger, raw","2002","2002","kg/ha","648.1","A","Official figure",""
"QCL","Crops and livestock products","566","Nigeria","5510","Production","01657","Ginger, raw","2002","2002","t","105000","A","Official figure",""
"QCL","Crops and livestock products","566","Nigeria","5312","Area harvested","01657","Ginger, raw","2003","2003","ha","167000","A","Official figure",""
"QCL","Crops and livestock products","566","Nigeria","5412","Yield","01657","Ginger, raw","2003","2003","kg/ha","658.7","A","Official figure",""
"QCL","Crops and livestock products","566","Nigeria","5510","Production","01657","Ginger, raw","2003","2003","t","110000","A","Official figure",""
"QCL","Crops and livestock products","566","Nigeria","5312","Area harvested","01657","Ginger, raw","2004","2004","ha","170000","A","Official figure",""
"QCL","Crops and livestock products","566","Nigeria","5412","Yield","01657","Ginger, raw","2004","2004","kg/ha","688.2","A","Official figure",""
"QCL","Crops and livestock products","566","Nigeria","5510","Production","01657","Ginger, raw","2004","2004","t","117000","A","Official figure",""
"QCL","Crops and livestock products","566","Nigeria","5312","Area harvested","01657","Ginger, raw","2005","2005","ha","181000","A","Official figure",""
"QCL","Crops and livestock products","566","Nigeria","5412","Yield","01657","Ginger, raw","2005","2005","kg/ha","690.6","A","Official figure",""
"QCL","Crops and livestock products","566","Nigeria","5510","Production","01657","Ginger, raw","2005","2005","t","125000","A","Official figure",""
"QCL","Crops and livestock products","566","Nigeria","5312","Area harvested","01657","Ginger, raw","2006","2006","ha","191000","A","Official figure",""
"QCL","Crops and livestock products","566","Nigeria","5412","Yield","01657","Ginger, raw","2006","2006","kg/ha","701.6","A","Official figure",""
"QCL","Crops and livestock products","566","Nigeria","5510","Production","01657","Ginger, raw","2006","2006","t","134000","A","Official figure",""
"QCL","Crops and livestock products","566","Nigeria","5312","Area harvested","01657","Ginger, raw","2007","2007","ha","48660","A","Official figure",""
"QCL","Crops and livestock products","566","Nigeria","5412","Yield","01657","Ginger, raw","2007","2007","kg/ha","3337.2","A","Official figure",""
"QCL","Crops and livestock products","566","Nigeria","5510","Production","01657","Ginger, raw","2007","2007","t","162390","A","Official figure",""
"QCL","Crops and livestock products","566","Nigeria","5312","Area harvested","01657","Ginger, raw","2008","2008","ha","55690","A","Official figure",""
"QCL","Crops and livestock products","566","Nigeria","5412","Yield","01657","Ginger, raw","2008","2008","kg/ha","3143.7","A","Official figure",""
"QCL","Crops and livestock products","566","Nigeria","5510","Production","01657","Ginger, raw","2008","2008","t","175070","A","Official figure",""
"QCL","Crops and livestock products","566","Nigeria","5312","Area harvested","01657","Ginger, raw","2009","2009","ha","52330","A","Official figure",""
"QCL","Crops and livestock products","566","Nigeria","5412","Yield","01657","Ginger, raw","2009","2009","kg/ha","3225.7","A","Official figure",""
"QCL","Crops and livestock products","566","Nigeria","5510","Production","01657","Ginger, raw","2009","2009","t","168800","A","Official figure",""
"QCL","Crops and livestock products","566","Nigeria","5312","Area harvested","01657","Ginger, raw","2010","2010","ha","52330","A","Official figure",""
"QCL","Crops and livestock products","566","Nigeria","5412","Yield","01657","Ginger, raw","2010","2010","kg/ha","3100","A","Official figure",""
"QCL","Crops and livestock products","566","Nigeria","5510","Production","01657","Ginger, raw","2010","2010","t","162223","A","Official figure",""
"QCL","Crops and livestock products","566","Nigeria","5312","Area harvested","01657","Ginger, raw","2011","2011","ha","48910","A","Official figure",""
"QCL","Crops and livestock products","566","Nigeria","5412","Yield","01657","Ginger, raw","2011","2011","kg/ha","9408.5","A","Official figure",""
"QCL","Crops and livestock products","566","Nigeria","5510","Production","01657","Ginger, raw","2011","2011","t","460170","A","Official figure",""
"QCL","Crops and livestock products","566","Nigeria","5312","Area harvested","01657","Ginger, raw","2012","2012","ha","94000","A","Official figure",""
"QCL","Crops and livestock products","566","Nigeria","5412","Yield","01657","Ginger, raw","2012","2012","kg/ha","4042.6","A","Official figure",""
"QCL","Crops and livestock products","566","Nigeria","5510","Production","01657","Ginger, raw","2012","2012","t","380000","A","Official figure",""
"QCL","Crops and livestock products","566","Nigeria","5312","Area harvested","01657","Ginger, raw","2013","2013","ha","124100","A","Official figure",""
"QCL","Crops and livestock products","566","Nigeria","5412","Yield","01657","Ginger, raw","2013","2013","kg/ha","4004.2","A","Official figure",""
"QCL","Crops and livestock products","566","Nigeria","5510","Production","01657","Ginger, raw","2013","2013","t","496920","A","Official figure",""
"QCL","Crops and livestock products","566","Nigeria","5312","Area harvested","01657","Ginger, raw","2014","2014","ha","47512","A","Official figure",""
"QCL","Crops and livestock products","566","Nigeria","5412","Yield","01657","Ginger, raw","2014","2014","kg/ha","3538.7","A","Official figure",""
"QCL","Crops and livestock products","566","Nigeria","5510","Production","01657","Ginger, raw","2014","2014","t","168128.24","A","Official figure",""
"QCL","Crops and livestock products","566","Nigeria","5312","Area harvested","01657","Ginger, raw","2015","2015","ha","68282","I","Value imputed by a receiving agency",""
"QCL","Crops and livestock products","566","Nigeria","5412","Yield","01657","Ginger, raw","2015","2015","kg/ha","6054.1","E","Estimated value",""
"QCL","Crops and livestock products","566","Nigeria","5510","Production","01657","Ginger, raw","2015","2015","t","413382.22","I","Value imputed by a receiving agency",""
"QCL","Crops and livestock products","566","Nigeria","5312","Area harvested","01657","Ginger, raw","2016","2016","ha","85359","A","Official figure",""
"QCL","Crops and livestock products","566","Nigeria","5412","Yield","01657","Ginger, raw","2016","2016","kg/ha","9078","A","Official figure",""
"QCL","Crops and livestock products","566","Nigeria","5510","Production","01657","Ginger, raw","2016","2016","t","774887","A","Official figure",""
"QCL","Crops and livestock products","566","Nigeria","5312","Area harvested","01657","Ginger, raw","2017","2017","ha","96059","A","Official figure",""
"QCL","Crops and livestock products","566","Nigeria","5412","Yield","01657","Ginger, raw","2017","2017","kg/ha","8688.7","A","Official figure",""
"QCL","Crops and livestock products","566","Nigeria","5510","Production","01657","Ginger, raw","2017","2017","t","834634","A","Official figure",""
"QCL","Crops and livestock products","566","Nigeria","5312","Area harvested","01657","Ginger, raw","2018","2018","ha","86310","A","Official figure",""
"QCL","Crops and livestock products","566","Nigeria","5412","Yield","01657","Ginger, raw","2018","2018","kg/ha","7853.9","A","Official figure",""
"QCL","Crops and livestock products","566","Nigeria","5510","Production","01657","Ginger, raw","2018","2018","t","677870","A","Official figure",""
"QCL","Crops and livestock products","566","Nigeria","5312","Area harvested","01657","Ginger, raw","2019","2019","ha","93730","A","Official figure",""
"QCL","Crops and livestock products","566","Nigeria","5412","Yield","01657","Ginger, raw","2019","2019","kg/ha","7244.6","A","Official figure",""
"QCL","Crops and livestock products","566","Nigeria","5510","Production","01657","Ginger, raw","2019","2019","t","679040","A","Official figure",""
"QCL","Crops and livestock products","566","Nigeria","5312","Area harvested","01657","Ginger, raw","2020","2020","ha","102060","A","Official figure",""
"QCL","Crops and livestock products","566","Nigeria","5412","Yield","01657","Ginger, raw","2020","2020","kg/ha","6676.4","A","Official figure",""
"QCL","Crops and livestock products","566","Nigeria","5510","Production","01657","Ginger, raw","2020","2020","t","681390","A","Official figure",""
"QCL","Crops and livestock products","566","Nigeria","5312","Area harvested","01657","Ginger, raw","2021","2021","ha","102320","A","Official figure",""
"QCL","Crops and livestock products","566","Nigeria","5412","Yield","01657","Ginger, raw","2021","2021","kg/ha","6910.7","A","Official figure",""
"QCL","Crops and livestock products","566","Nigeria","5510","Production","01657","Ginger, raw","2021","2021","t","707100","A","Official figure",""
"QCL","Crops and livestock products","566","Nigeria","5312","Area harvested","01657","Ginger, raw","2022","2022","ha","96266","I","Value imputed by a receiving agency",""
"QCL","Crops and livestock products","566","Nigeria","5412","Yield","01657","Ginger, raw","2022","2022","kg/ha","7806.2","E","Estimated value",""
"QCL","Crops and livestock products","566","Nigeria","5510","Production","01657","Ginger, raw","2022","2022","t","751473.5","I","Value imputed by a receiving agency",""
"QCL","Crops and livestock products","566","Nigeria","5312","Area harvested","01657","Ginger, raw","2023","2023","ha","89984","I","Value imputed by a receiving agency",""
"QCL","Crops and livestock products","566","Nigeria","5412","Yield","01657","Ginger, raw","2023","2023","kg/ha","8637","E","Estimated value",""
"QCL","Crops and livestock products","566","Nigeria","5510","Production","01657","Ginger, raw","2023","2023","t","777194.95","I","Value imputed by a receiving agency",""
"QCL","Crops and livestock products","566","Nigeria","5312","Area harvested","01657","Ginger, raw","2024","2024","ha","89430","I","Value imputed by a receiving agency",""
"QCL","Crops and livestock products","566","Nigeria","5412","Yield","01657","Ginger, raw","2024","2024","kg/ha","8598.1","E","Estimated value",""
"QCL","Crops and livestock products","566","Nigeria","5510","Production","01657","Ginger, raw","2024","2024","t","768922.05","I","Value imputed by a receiving agency",""
"QCL","Crops and livestock products","566","Nigeria","5312","Area harvested","01252","Green garlic","2000","2000","ha","","M","Missing value; data cannot exist",""
"QCL","Crops and livestock products","566","Nigeria","5510","Production","01252","Green garlic","2000","2000","t","","M","Missing value; data cannot exist",""
"QCL","Crops and livestock products","566","Nigeria","5312","Area harvested","01252","Green garlic","2001","2001","ha","","M","Missing value; data cannot exist",""
"QCL","Crops and livestock products","566","Nigeria","5510","Production","01252","Green garlic","2001","2001","t","","M","Missing value; data cannot exist",""
"QCL","Crops and livestock products","566","Nigeria","5312","Area harvested","01252","Green garlic","2002","2002","ha","","M","Missing value; data cannot exist",""
"QCL","Crops and livestock products","566","Nigeria","5510","Production","01252","Green garlic","2002","2002","t","","M","Missing value; data cannot exist",""
"QCL","Crops and livestock products","566","Nigeria","5312","Area harvested","01252","Green garlic","2003","2003","ha","","M","Missing value; data cannot exist",""
"QCL","Crops and livestock products","566","Nigeria","5510","Production","01252","Green garlic","2003","2003","t","","M","Missing value; data cannot exist",""
"QCL","Crops and livestock products","566","Nigeria","5312","Area harvested","01252","Green garlic","2004","2004","ha","","M","Missing value; data cannot exist",""
"QCL","Crops and livestock products","566","Nigeria","5510","Production","01252","Green garlic","2004","2004","t","","M","Missing value; data cannot exist",""
"QCL","Crops and livestock products","566","Nigeria","5312","Area harvested","01252","Green garlic","2005","2005","ha","","M","Missing value; data cannot exist",""
"QCL","Crops and livestock products","566","Nigeria","5510","Production","01252","Green garlic","2005","2005","t","","M","Missing value; data cannot exist",""
"QCL","Crops and livestock products","566","Nigeria","5312","Area harvested","01252","Green garlic","2006","2006","ha","","M","Missing value; data cannot exist",""
"QCL","Crops and livestock products","566","Nigeria","5510","Production","01252","Green garlic","2006","2006","t","","M","Missing value; data cannot exist",""
"QCL","Crops and livestock products","566","Nigeria","5312","Area harvested","01252","Green garlic","2007","2007","ha","38","I","Value imputed by a receiving agency",""
"QCL","Crops and livestock products","566","Nigeria","5412","Yield","01252","Green garlic","2007","2007","kg/ha","13012.4","E","Estimated value",""
"QCL","Crops and livestock products","566","Nigeria","5510","Production","01252","Green garlic","2007","2007","t","500","E","Estimated value",""
"QCL","Crops and livestock products","566","Nigeria","5312","Area harvested","01252","Green garlic","2008","2008","ha","46","I","Value imputed by a receiving agency",""
"QCL","Crops and livestock products","566","Nigeria","5412","Yield","01252","Green garlic","2008","2008","kg/ha","13017.1","E","Estimated value",""
"QCL","Crops and livestock products","566","Nigeria","5510","Production","01252","Green garlic","2008","2008","t","600","E","Estimated value",""
"QCL","Crops and livestock products","566","Nigeria","5312","Area harvested","01252","Green garlic","2009","2009","ha","50","I","Value imputed by a receiving agency",""
"QCL","Crops and livestock products","566","Nigeria","5412","Yield","01252","Green garlic","2009","2009","kg/ha","13021.7","E","Estimated value",""
"QCL","Crops and livestock products","566","Nigeria","5510","Production","01252","Green garlic","2009","2009","t","648.77","I","Value imputed by a receiving agency",""
"QCL","Crops and livestock products","566","Nigeria","5312","Area harvested","01252","Green garlic","2010","2010","ha","52","I","Value imputed by a receiving agency",""
"QCL","Crops and livestock products","566","Nigeria","5412","Yield","01252","Green garlic","2010","2010","kg/ha","13032","E","Estimated value",""
"QCL","Crops and livestock products","566","Nigeria","5510","Production","01252","Green garlic","2010","2010","t","678.61","I","Value imputed by a receiving agency",""
"QCL","Crops and livestock products","566","Nigeria","5312","Area harvested","01252","Green garlic","2011","2011","ha","52","I","Value imputed by a receiving agency",""
"QCL","Crops and livestock products","566","Nigeria","5412","Yield","01252","Green garlic","2011","2011","kg/ha","13038.5","E","Estimated value",""
"QCL","Crops and livestock products","566","Nigeria","5510","Production","01252","Green garlic","2011","2011","t","672.37","I","Value imputed by a receiving agency",""
"QCL","Crops and livestock products","566","Nigeria","5312","Area harvested","01252","Green garlic","2012","2012","ha","46","E","Estimated value",""
"QCL","Crops and livestock products","566","Nigeria","5412","Yield","01252","Green garlic","2012","2012","kg/ha","13043.5","E","Estimated value",""
"QCL","Crops and livestock products","566","Nigeria","5510","Production","01252","Green garlic","2012","2012","t","600","E","Estimated value",""
"QCL","Crops and livestock products","566","Nigeria","5312","Area harvested","01252","Green garlic","2013","2013","ha","46","E","Estimated value",""
"QCL","Crops and livestock products","566","Nigeria","5412","Yield","01252","Green garlic","2013","2013","kg/ha","13043.5","E","Estimated value",""
"QCL","Crops and livestock products","566","Nigeria","5510","Production","01252","Green garlic","2013","2013","t","600","E","Estimated value",""
"QCL","Crops and livestock products","566","Nigeria","5312","Area harvested","01252","Green garlic","2014","2014","ha","92","I","Value imputed by a receiving agency",""
"QCL","Crops and livestock products","566","Nigeria","5412","Yield","01252","Green garlic","2014","2014","kg/ha","13045.9","E","Estimated value",""
"QCL","Crops and livestock products","566","Nigeria","5510","Production","01252","Green garlic","2014","2014","t","1200","E","Estimated value",""
"QCL","Crops and livestock products","566","Nigeria","5312","Area harvested","01252","Green garlic","2015","2015","ha","138","I","Value imputed by a receiving agency",""
"QCL","Crops and livestock products","566","Nigeria","5412","Yield","01252","Green garlic","2015","2015","kg/ha","13051.8","E","Estimated value",""
"QCL","Crops and livestock products","566","Nigeria","5510","Production","01252","Green garlic","2015","2015","t","1800","E","Estimated value",""
"QCL","Crops and livestock products","566","Nigeria","5312","Area harvested","01252","Green garlic","2016","2016","ha","176","I","Value imputed by a receiving agency",""
"QCL","Crops and livestock products","566","Nigeria","5412","Yield","01252","Green garlic","2016","2016","kg/ha","13053.2","E","Estimated value",""
"QCL","Crops and livestock products","566","Nigeria","5510","Production","01252","Green garlic","2016","2016","t","2300","E","Estimated value",""
"QCL","Crops and livestock products","566","Nigeria","5312","Area harvested","01252","Green garlic","2017","2017","ha","176","I","Value imputed by a receiving agency",""
"QCL","Crops and livestock products","566","Nigeria","5412","Yield","01252","Green garlic","2017","2017","kg/ha","13055.7","E","Estimated value",""
"QCL","Crops and livestock products","566","Nigeria","5510","Production","01252","Green garlic","2017","2017","t","2300","E","Estimated value",""
"QCL","Crops and livestock products","566","Nigeria","5312","Area harvested","01252","Green garlic","2018","2018","ha","138","I","Value imputed by a receiving agency",""
"QCL","Crops and livestock products","566","Nigeria","5412","Yield","01252","Green garlic","2018","2018","kg/ha","13058.3","E","Estimated value",""
"QCL","Crops and livestock products","566","Nigeria","5510","Production","01252","Green garlic","2018","2018","t","1800","E","Estimated value",""
"QCL","Crops and livestock products","566","Nigeria","5312","Area harvested","01252","Green garlic","2019","2019","ha","163","E","Estimated value",""
"QCL","Crops and livestock products","566","Nigeria","5412","Yield","01252","Green garlic","2019","2019","kg/ha","13055.6","E","Estimated value",""
"QCL","Crops and livestock products","566","Nigeria","5510","Production","01252","Green garlic","2019","2019","t","2133.33","E","Estimated value",""
"QCL","Crops and livestock products","566","Nigeria","5312","Area harvested","01252","Green garlic","2020","2020","ha","159","E","Estimated value",""
"QCL","Crops and livestock products","566","Nigeria","5412","Yield","01252","Green garlic","2020","2020","kg/ha","13056.4","E","Estimated value",""
"QCL","Crops and livestock products","566","Nigeria","5510","Production","01252","Green garlic","2020","2020","t","2077.78","E","Estimated value",""
"QCL","Crops and livestock products","566","Nigeria","5312","Area harvested","01252","Green garlic","2021","2021","ha","153","E","Estimated value",""
"QCL","Crops and livestock products","566","Nigeria","5412","Yield","01252","Green garlic","2021","2021","kg/ha","13056.7","E","Estimated value",""
"QCL","Crops and livestock products","566","Nigeria","5510","Production","01252","Green garlic","2021","2021","t","2003.7","E","Estimated value",""
"QCL","Crops and livestock products","566","Nigeria","5312","Area harvested","01252","Green garlic","2022","2022","ha","159","E","Estimated value",""
"QCL","Crops and livestock products","566","Nigeria","5412","Yield","01252","Green garlic","2022","2022","kg/ha","13056.2","E","Estimated value",""
"QCL","Crops and livestock products","566","Nigeria","5510","Production","01252","Green garlic","2022","2022","t","2071.6","E","Estimated value",""
"QCL","Crops and livestock products","566","Nigeria","5312","Area harvested","01252","Green garlic","2023","2023","ha","157","E","Estimated value",""
"QCL","Crops and livestock products","566","Nigeria","5412","Yield","01252","Green garlic","2023","2023","kg/ha","13056.4","E","Estimated value",""
"QCL","Crops and livestock products","566","Nigeria","5510","Production","01252","Green garlic","2023","2023","t","2051.03","E","Estimated value",""
"QCL","Crops and livestock products","566","Nigeria","5312","Area harvested","01252","Green garlic","2024","2024","ha","156","E","Estimated value",""
"QCL","Crops and livestock products","566","Nigeria","5412","Yield","01252","Green garlic","2024","2024","kg/ha","13056.4","E","Estimated value",""
"QCL","Crops and livestock products","566","Nigeria","5510","Production","01252","Green garlic","2024","2024","t","2042.11","E","Estimated value",""
"QCL","Crops and livestock products","566","Nigeria","5312","Area harvested","0142","Groundnuts, excluding shelled","2000","2000","ha","1934000","A","Official figure",""
"QCL","Crops and livestock products","566","Nigeria","5412","Yield","0142","Groundnuts, excluding shelled","2000","2000","kg/ha","1500","A","Official figure",""
"QCL","Crops and livestock products","566","Nigeria","5510","Production","0142","Groundnuts, excluding shelled","2000","2000","t","2901000","A","Official figure",""
"QCL","Crops and livestock products","566","Nigeria","5312","Area harvested","0142","Groundnuts, excluding shelled","2001","2001","ha","1731000","A","Official figure",""
"QCL","Crops and livestock products","566","Nigeria","5412","Yield","0142","Groundnuts, excluding shelled","2001","2001","kg/ha","1550","A","Official figure",""
"QCL","Crops and livestock products","566","Nigeria","5510","Production","0142","Groundnuts, excluding shelled","2001","2001","t","2683000","A","Official figure",""
"QCL","Crops and livestock products","566","Nigeria","5312","Area harvested","0142","Groundnuts, excluding shelled","2002","2002","ha","1878000","A","Official figure",""
"QCL","Crops and livestock products","566","Nigeria","5412","Yield","0142","Groundnuts, excluding shelled","2002","2002","kg/ha","1520.2","A","Official figure",""
"QCL","Crops and livestock products","566","Nigeria","5510","Production","0142","Groundnuts, excluding shelled","2002","2002","t","2855000","A","Official figure",""
"QCL","Crops and livestock products","566","Nigeria","5312","Area harvested","0142","Groundnuts, excluding shelled","2003","2003","ha","1985000","A","Official figure",""
"QCL","Crops and livestock products","566","Nigeria","5412","Yield","0142","Groundnuts, excluding shelled","2003","2003","kg/ha","1530","A","Official figure",""
"QCL","Crops and livestock products","566","Nigeria","5510","Production","0142","Groundnuts, excluding shelled","2003","2003","t","3037000","A","Official figure",""
"QCL","Crops and livestock products","566","Nigeria","5312","Area harvested","0142","Groundnuts, excluding shelled","2004","2004","ha","2097000","A","Official figure",""
"QCL","Crops and livestock products","566","Nigeria","5412","Yield","0142","Groundnuts, excluding shelled","2004","2004","kg/ha","1549.8","A","Official figure",""
"QCL","Crops and livestock products","566","Nigeria","5510","Production","0142","Groundnuts, excluding shelled","2004","2004","t","3250000","A","Official figure",""
"QCL","Crops and livestock products","566","Nigeria","5312","Area harvested","0142","Groundnuts, excluding shelled","2005","2005","ha","2187000","A","Official figure",""
"QCL","Crops and livestock products","566","Nigeria","5412","Yield","0142","Groundnuts, excluding shelled","2005","2005","kg/ha","1590.3","A","Official figure",""
"QCL","Crops and livestock products","566","Nigeria","5510","Production","0142","Groundnuts, excluding shelled","2005","2005","t","3478000","A","Official figure",""
"QCL","Crops and livestock products","566","Nigeria","5312","Area harvested","0142","Groundnuts, excluding shelled","2006","2006","ha","2224000","A","Official figure",""
"QCL","Crops and livestock products","566","Nigeria","5412","Yield","0142","Groundnuts, excluding shelled","2006","2006","kg/ha","1719.9","A","Official figure",""
"QCL","Crops and livestock products","566","Nigeria","5510","Production","0142","Groundnuts, excluding shelled","2006","2006","t","3825000","A","Official figure",""
"QCL","Crops and livestock products","566","Nigeria","5312","Area harvested","0142","Groundnuts, excluding shelled","2007","2007","ha","2202638","A","Official figure",""
"QCL","Crops and livestock products","566","Nigeria","5412","Yield","0142","Groundnuts, excluding shelled","2007","2007","kg/ha","1292.7","A","Official figure",""
"QCL","Crops and livestock products","566","Nigeria","5510","Production","0142","Groundnuts, excluding shelled","2007","2007","t","2847373","A","Official figure",""
"QCL","Crops and livestock products","566","Nigeria","5312","Area harvested","0142","Groundnuts, excluding shelled","2008","2008","ha","2336400","A","Official figure",""
"QCL","Crops and livestock products","566","Nigeria","5412","Yield","0142","Groundnuts, excluding shelled","2008","2008","kg/ha","1229.6","A","Official figure",""
"QCL","Crops and livestock products","566","Nigeria","5510","Production","0142","Groundnuts, excluding shelled","2008","2008","t","2872740","A","Official figure",""
"QCL","Crops and livestock products","566","Nigeria","5312","Area harvested","0142","Groundnuts, excluding shelled","2009","2009","ha","2643330","A","Official figure",""
"QCL","Crops and livestock products","566","Nigeria","5412","Yield","0142","Groundnuts, excluding shelled","2009","2009","kg/ha","1126.5","A","Official figure",""
"QCL","Crops and livestock products","566","Nigeria","5510","Production","0142","Groundnuts, excluding shelled","2009","2009","t","2977620","A","Official figure",""
"QCL","Crops and livestock products","566","Nigeria","5312","Area harvested","0142","Groundnuts, excluding shelled","2010","2010","ha","2789180","A","Official figure",""
"QCL","Crops and livestock products","566","Nigeria","5412","Yield","0142","Groundnuts, excluding shelled","2010","2010","kg/ha","1362.1","A","Official figure",""
"QCL","Crops and livestock products","566","Nigeria","5510","Production","0142","Groundnuts, excluding shelled","2010","2010","t","3799240","A","Official figure",""
"QCL","Crops and livestock products","566","Nigeria","5312","Area harvested","0142","Groundnuts, excluding shelled","2011","2011","ha","2353680","A","Official figure",""
"QCL","Crops and livestock products","566","Nigeria","5412","Yield","0142","Groundnuts, excluding shelled","2011","2011","kg/ha","1258.7","A","Official figure",""
"QCL","Crops and livestock products","566","Nigeria","5510","Production","0142","Groundnuts, excluding shelled","2011","2011","t","2962627","A","Official figure",""
"QCL","Crops and livestock products","566","Nigeria","5312","Area harvested","0142","Groundnuts, excluding shelled","2012","2012","ha","2659800","A","Official figure",""
"QCL","Crops and livestock products","566","Nigeria","5412","Yield","0142","Groundnuts, excluding shelled","2012","2012","kg/ha","1245.8","A","Official figure",""
"QCL","Crops and livestock products","566","Nigeria","5510","Production","0142","Groundnuts, excluding shelled","2012","2012","t","3313500","A","Official figure",""
"QCL","Crops and livestock products","566","Nigeria","5312","Area harvested","0142","Groundnuts, excluding shelled","2013","2013","ha","2732700","A","Official figure",""
"QCL","Crops and livestock products","566","Nigeria","5412","Yield","0142","Groundnuts, excluding shelled","2013","2013","kg/ha","905.5","A","Official figure",""
"QCL","Crops and livestock products","566","Nigeria","5510","Production","0142","Groundnuts, excluding shelled","2013","2013","t","2474530","A","Official figure",""
"QCL","Crops and livestock products","566","Nigeria","5312","Area harvested","0142","Groundnuts, excluding shelled","2014","2014","ha","2799773","A","Official figure",""
"QCL","Crops and livestock products","566","Nigeria","5412","Yield","0142","Groundnuts, excluding shelled","2014","2014","kg/ha","1214.1","A","Official figure",""
"QCL","Crops and livestock products","566","Nigeria","5510","Production","0142","Groundnuts, excluding shelled","2014","2014","t","3399158","A","Official figure",""
"QCL","Crops and livestock products","566","Nigeria","5312","Area harvested","0142","Groundnuts, excluding shelled","2015","2015","ha","2801756","A","Official figure",""
"QCL","Crops and livestock products","566","Nigeria","5412","Yield","0142","Groundnuts, excluding shelled","2015","2015","kg/ha","1237.6","A","Official figure",""
"QCL","Crops and livestock products","566","Nigeria","5510","Production","0142","Groundnuts, excluding shelled","2015","2015","t","3467446","A","Official figure",""
"QCL","Crops and livestock products","566","Nigeria","5312","Area harvested","0142","Groundnuts, excluding shelled","2016","2016","ha","3458710","A","Official figure",""
"QCL","Crops and livestock products","566","Nigeria","5412","Yield","0142","Groundnuts, excluding shelled","2016","2016","kg/ha","1260.7","A","Official figure",""
"QCL","Crops and livestock products","566","Nigeria","5510","Production","0142","Groundnuts, excluding shelled","2016","2016","t","4360500","A","Official figure",""
"QCL","Crops and livestock products","566","Nigeria","5312","Area harvested","0142","Groundnuts, excluding shelled","2017","2017","ha","3596850","A","Official figure",""
"QCL","Crops and livestock products","566","Nigeria","5412","Yield","0142","Groundnuts, excluding shelled","2017","2017","kg/ha","1257.1","A","Official figure",""
"QCL","Crops and livestock products","566","Nigeria","5510","Production","0142","Groundnuts, excluding shelled","2017","2017","t","4521450","A","Official figure",""
"QCL","Crops and livestock products","566","Nigeria","5312","Area harvested","0142","Groundnuts, excluding shelled","2018","2018","ha","3759976","I","Value imputed by a receiving agency",""
"QCL","Crops and livestock products","566","Nigeria","5412","Yield","0142","Groundnuts, excluding shelled","2018","2018","kg/ha","1223.4","E","Estimated value",""
"QCL","Crops and livestock products","566","Nigeria","5510","Production","0142","Groundnuts, excluding shelled","2018","2018","t","4600000","E","Estimated value",""
"QCL","Crops and livestock products","566","Nigeria","5312","Area harvested","0142","Groundnuts, excluding shelled","2019","2019","ha","3601541","I","Value imputed by a receiving agency",""
"QCL","Crops and livestock products","566","Nigeria","5412","Yield","0142","Groundnuts, excluding shelled","2019","2019","kg/ha","1209.8","E","Estimated value",""
"QCL","Crops and livestock products","566","Nigeria","5510","Production","0142","Groundnuts, excluding shelled","2019","2019","t","4357032.01","I","Value imputed by a receiving agency",""
"QCL","Crops and livestock products","566","Nigeria","5312","Area harvested","0142","Groundnuts, excluding shelled","2020","2020","ha","3620190","A","Official figure",""
"QCL","Crops and livestock products","566","Nigeria","5412","Yield","0142","Groundnuts, excluding shelled","2020","2020","kg/ha","1168.6","A","Official figure",""
"QCL","Crops and livestock products","566","Nigeria","5510","Production","0142","Groundnuts, excluding shelled","2020","2020","t","4230560","A","Official figure",""
"QCL","Crops and livestock products","566","Nigeria","5312","Area harvested","0142","Groundnuts, excluding shelled","2021","2021","ha","3702210","A","Official figure",""
"QCL","Crops and livestock products","566","Nigeria","5412","Yield","0142","Groundnuts, excluding shelled","2021","2021","kg/ha","1141.9","A","Official figure",""
"QCL","Crops and livestock products","566","Nigeria","5510","Production","0142","Groundnuts, excluding shelled","2021","2021","t","4227520","A","Official figure",""
"QCL","Crops and livestock products","566","Nigeria","5312","Area harvested","0142","Groundnuts, excluding shelled","2022","2022","ha","3400000","X","Figure from external organization","Unofficial figure"
"QCL","Crops and livestock products","566","Nigeria","5412","Yield","0142","Groundnuts, excluding shelled","2022","2022","kg/ha","1260","X","Figure from external organization",""
"QCL","Crops and livestock products","566","Nigeria","5510","Production","0142","Groundnuts, excluding shelled","2022","2022","t","4284000","X","Figure from external organization","Unofficial figure"
"QCL","Crops and livestock products","566","Nigeria","5312","Area harvested","0142","Groundnuts, excluding shelled","2023","2023","ha","3450000","X","Figure from external organization","Unofficial figure"
"QCL","Crops and livestock products","566","Nigeria","5412","Yield","0142","Groundnuts, excluding shelled","2023","2023","kg/ha","1246.4","X","Figure from external organization",""
"QCL","Crops and livestock products","566","Nigeria","5510","Production","0142","Groundnuts, excluding shelled","2023","2023","t","4300000","X","Figure from external organization","Unofficial figure"
"QCL","Crops and livestock products","566","Nigeria","5312","Area harvested","0142","Groundnuts, excluding shelled","2024","2024","ha","3450000","X","Figure from external organization","Unofficial figure"
"QCL","Crops and livestock products","566","Nigeria","5412","Yield","0142","Groundnuts, excluding shelled","2024","2024","kg/ha","1246.4","X","Figure from external organization",""
"QCL","Crops and livestock products","566","Nigeria","5510","Production","0142","Groundnuts, excluding shelled","2024","2024","t","4300000","X","Figure from external organization","Unofficial figure"
"QCL","Crops and livestock products","566","Nigeria","5312","Area harvested","01379.02","Kola nuts","2000","2000","ha","91000","E","Estimated value",""
"QCL","Crops and livestock products","566","Nigeria","5412","Yield","01379.02","Kola nuts","2000","2000","kg/ha","901.1","E","Estimated value",""
"QCL","Crops and livestock products","566","Nigeria","5510","Production","01379.02","Kola nuts","2000","2000","t","82000","E","Estimated value",""
"QCL","Crops and livestock products","566","Nigeria","5312","Area harvested","01379.02","Kola nuts","2001","2001","ha","91000","E","Estimated value",""
"QCL","Crops and livestock products","566","Nigeria","5412","Yield","01379.02","Kola nuts","2001","2001","kg/ha","901.1","E","Estimated value",""
"QCL","Crops and livestock products","566","Nigeria","5510","Production","01379.02","Kola nuts","2001","2001","t","82000","E","Estimated value",""
"QCL","Crops and livestock products","566","Nigeria","5312","Area harvested","01379.02","Kola nuts","2002","2002","ha","94000","E","Estimated value",""
"QCL","Crops and livestock products","566","Nigeria","5412","Yield","01379.02","Kola nuts","2002","2002","kg/ha","904.3","E","Estimated value",""
"QCL","Crops and livestock products","566","Nigeria","5510","Production","01379.02","Kola nuts","2002","2002","t","85000","E","Estimated value",""
"QCL","Crops and livestock products","566","Nigeria","5312","Area harvested","01379.02","Kola nuts","2003","2003","ha","94000","E","Estimated value",""
"QCL","Crops and livestock products","566","Nigeria","5412","Yield","01379.02","Kola nuts","2003","2003","kg/ha","904.3","E","Estimated value",""
"QCL","Crops and livestock products","566","Nigeria","5510","Production","01379.02","Kola nuts","2003","2003","t","85000","E","Estimated value",""
"QCL","Crops and livestock products","566","Nigeria","5312","Area harvested","01379.02","Kola nuts","2004","2004","ha","94000","E","Estimated value",""
"QCL","Crops and livestock products","566","Nigeria","5412","Yield","01379.02","Kola nuts","2004","2004","kg/ha","936.2","E","Estimated value",""
"QCL","Crops and livestock products","566","Nigeria","5510","Production","01379.02","Kola nuts","2004","2004","t","88000","E","Estimated value",""
"QCL","Crops and livestock products","566","Nigeria","5312","Area harvested","01379.02","Kola nuts","2005","2005","ha","94250","E","Estimated value",""
"QCL","Crops and livestock products","566","Nigeria","5412","Yield","01379.02","Kola nuts","2005","2005","kg/ha","904.5","E","Estimated value",""
"QCL","Crops and livestock products","566","Nigeria","5510","Production","01379.02","Kola nuts","2005","2005","t","85250","E","Estimated value",""
"QCL","Crops and livestock products","566","Nigeria","5312","Area harvested","01379.02","Kola nuts","2006","2006","ha","94500","E","Estimated value",""
"QCL","Crops and livestock products","566","Nigeria","5412","Yield","01379.02","Kola nuts","2006","2006","kg/ha","904.8","E","Estimated value",""
"QCL","Crops and livestock products","566","Nigeria","5510","Production","01379.02","Kola nuts","2006","2006","t","85500","E","Estimated value",""
"QCL","Crops and livestock products","566","Nigeria","5312","Area harvested","01379.02","Kola nuts","2007","2007","ha","125000","E","Estimated value",""
"QCL","Crops and livestock products","566","Nigeria","5412","Yield","01379.02","Kola nuts","2007","2007","kg/ha","800","E","Estimated value",""
"QCL","Crops and livestock products","566","Nigeria","5510","Production","01379.02","Kola nuts","2007","2007","t","100000","E","Estimated value",""
"QCL","Crops and livestock products","566","Nigeria","5312","Area harvested","01379.02","Kola nuts","2008","2008","ha","150000","E","Estimated value",""
"QCL","Crops and livestock products","566","Nigeria","5412","Yield","01379.02","Kola nuts","2008","2008","kg/ha","800","E","Estimated value",""
"QCL","Crops and livestock products","566","Nigeria","5510","Production","01379.02","Kola nuts","2008","2008","t","120000","E","Estimated value",""
"QCL","Crops and livestock products","566","Nigeria","5312","Area harvested","01379.02","Kola nuts","2009","2009","ha","270140","A","Official figure",""
"QCL","Crops and livestock products","566","Nigeria","5412","Yield","01379.02","Kola nuts","2009","2009","kg/ha","600","A","Official figure",""
"QCL","Crops and livestock products","566","Nigeria","5510","Production","01379.02","Kola nuts","2009","2009","t","162080","A","Official figure",""
"QCL","Crops and livestock products","566","Nigeria","5312","Area harvested","01379.02","Kola nuts","2010","2010","ha","270143","A","Official figure",""
"QCL","Crops and livestock products","566","Nigeria","5412","Yield","01379.02","Kola nuts","2010","2010","kg/ha","536.6","A","Official figure",""
"QCL","Crops and livestock products","566","Nigeria","5510","Production","01379.02","Kola nuts","2010","2010","t","144950","A","Official figure",""
"QCL","Crops and livestock products","566","Nigeria","5312","Area harvested","01379.02","Kola nuts","2011","2011","ha","230000","E","Estimated value",""
"QCL","Crops and livestock products","566","Nigeria","5412","Yield","01379.02","Kola nuts","2011","2011","kg/ha","600","E","Estimated value",""
"QCL","Crops and livestock products","566","Nigeria","5510","Production","01379.02","Kola nuts","2011","2011","t","138000","E","Estimated value",""
"QCL","Crops and livestock products","566","Nigeria","5312","Area harvested","01379.02","Kola nuts","2012","2012","ha","225000","E","Estimated value",""
"QCL","Crops and livestock products","566","Nigeria","5412","Yield","01379.02","Kola nuts","2012","2012","kg/ha","600","E","Estimated value",""
"QCL","Crops and livestock products","566","Nigeria","5510","Production","01379.02","Kola nuts","2012","2012","t","135000","E","Estimated value",""
"QCL","Crops and livestock products","566","Nigeria","5312","Area harvested","01379.02","Kola nuts","2013","2013","ha","220000","E","Estimated value",""
"QCL","Crops and livestock products","566","Nigeria","5412","Yield","01379.02","Kola nuts","2013","2013","kg/ha","600","E","Estimated value",""
"QCL","Crops and livestock products","566","Nigeria","5510","Production","01379.02","Kola nuts","2013","2013","t","132000","E","Estimated value",""
"QCL","Crops and livestock products","566","Nigeria","5312","Area harvested","01379.02","Kola nuts","2014","2014","ha","253088","A","Official figure",""
"QCL","Crops and livestock products","566","Nigeria","5412","Yield","01379.02","Kola nuts","2014","2014","kg/ha","662.6","A","Official figure",""
"QCL","Crops and livestock products","566","Nigeria","5510","Production","01379.02","Kola nuts","2014","2014","t","167686","A","Official figure",""
"QCL","Crops and livestock products","566","Nigeria","5312","Area harvested","01379.02","Kola nuts","2015","2015","ha","269823","I","Value imputed by a receiving agency",""
"QCL","Crops and livestock products","566","Nigeria","5412","Yield","01379.02","Kola nuts","2015","2015","kg/ha","656","E","Estimated value",""
"QCL","Crops and livestock products","566","Nigeria","5510","Production","01379.02","Kola nuts","2015","2015","t","177010.52","I","Value imputed by a receiving agency",""
"QCL","Crops and livestock products","566","Nigeria","5312","Area harvested","01379.02","Kola nuts","2016","2016","ha","247637","E","Estimated value",""
"QCL","Crops and livestock products","566","Nigeria","5412","Yield","01379.02","Kola nuts","2016","2016","kg/ha","641.7","E","Estimated value",""
"QCL","Crops and livestock products","566","Nigeria","5510","Production","01379.02","Kola nuts","2016","2016","t","158898.84","E","Estimated value",""
"QCL","Crops and livestock products","566","Nigeria","5312","Area harvested","01379.02","Kola nuts","2017","2017","ha","258790","I","Value imputed by a receiving agency",""
"QCL","Crops and livestock products","566","Nigeria","5412","Yield","01379.02","Kola nuts","2017","2017","kg/ha","648.7","E","Estimated value",""
"QCL","Crops and livestock products","566","Nigeria","5510","Production","01379.02","Kola nuts","2017","2017","t","167865.12","E","Estimated value",""
"QCL","Crops and livestock products","566","Nigeria","5312","Area harvested","01379.02","Kola nuts","2018","2018","ha","249847","I","Value imputed by a receiving agency",""
"QCL","Crops and livestock products","566","Nigeria","5412","Yield","01379.02","Kola nuts","2018","2018","kg/ha","671.4","E","Estimated value",""
"QCL","Crops and livestock products","566","Nigeria","5510","Production","01379.02","Kola nuts","2018","2018","t","167745.21","I","Value imputed by a receiving agency",""
"QCL","Crops and livestock products","566","Nigeria","5312","Area harvested","01379.02","Kola nuts","2019","2019","ha","243168","I","Value imputed by a receiving agency",""
"QCL","Crops and livestock products","566","Nigeria","5412","Yield","01379.02","Kola nuts","2019","2019","kg/ha","695.8","E","Estimated value",""
"QCL","Crops and livestock products","566","Nigeria","5510","Production","01379.02","Kola nuts","2019","2019","t","169203.48","I","Value imputed by a receiving agency",""
"QCL","Crops and livestock products","566","Nigeria","5312","Area harvested","01379.02","Kola nuts","2020","2020","ha","219892","A","Official figure",""
"QCL","Crops and livestock products","566","Nigeria","5412","Yield","01379.02","Kola nuts","2020","2020","kg/ha","775.2","A","Official figure",""
"QCL","Crops and livestock products","566","Nigeria","5510","Production","01379.02","Kola nuts","2020","2020","t","170461.92","A","Official figure",""
"QCL","Crops and livestock products","566","Nigeria","5312","Area harvested","01379.02","Kola nuts","2021","2021","ha","216576","I","Value imputed by a receiving agency",""
"QCL","Crops and livestock products","566","Nigeria","5412","Yield","01379.02","Kola nuts","2021","2021","kg/ha","789.7","E","Estimated value",""
"QCL","Crops and livestock products","566","Nigeria","5510","Production","01379.02","Kola nuts","2021","2021","t","171023.59","I","Value imputed by a receiving agency",""
"QCL","Crops and livestock products","566","Nigeria","5312","Area harvested","01379.02","Kola nuts","2022","2022","ha","248396","I","Value imputed by a receiving agency",""
"QCL","Crops and livestock products","566","Nigeria","5412","Yield","01379.02","Kola nuts","2022","2022","kg/ha","697.9","E","Estimated value",""
"QCL","Crops and livestock products","566","Nigeria","5510","Production","01379.02","Kola nuts","2022","2022","t","173354.16","I","Value imputed by a receiving agency",""
"QCL","Crops and livestock products","566","Nigeria","5312","Area harvested","01379.02","Kola nuts","2023","2023","ha","244014","I","Value imputed by a receiving agency",""
"QCL","Crops and livestock products","566","Nigeria","5412","Yield","01379.02","Kola nuts","2023","2023","kg/ha","723.8","E","Estimated value",""
"QCL","Crops and livestock products","566","Nigeria","5510","Production","01379.02","Kola nuts","2023","2023","t","176620.52","I","Value imputed by a receiving agency",""
"QCL","Crops and livestock products","566","Nigeria","5312","Area harvested","01379.02","Kola nuts","2024","2024","ha","246416","I","Value imputed by a receiving agency",""
"QCL","Crops and livestock products","566","Nigeria","5412","Yield","01379.02","Kola nuts","2024","2024","kg/ha","726.6","E","Estimated value",""
"QCL","Crops and livestock products","566","Nigeria","5510","Production","01379.02","Kola nuts","2024","2024","t","179043.58","I","Value imputed by a receiving agency",""
"QCL","Crops and livestock products","566","Nigeria","5312","Area harvested","0112","Maize (corn)","2000","2000","ha","3159000","A","Official figure",""
"QCL","Crops and livestock products","566","Nigeria","5412","Yield","0112","Maize (corn)","2000","2000","kg/ha","1300.1","A","Official figure",""
"QCL","Crops and livestock products","566","Nigeria","5510","Production","0112","Maize (corn)","2000","2000","t","4107000","A","Official figure",""
"QCL","Crops and livestock products","566","Nigeria","5312","Area harvested","0112","Maize (corn)","2001","2001","ha","3283000","A","Official figure",""
"QCL","Crops and livestock products","566","Nigeria","5412","Yield","0112","Maize (corn)","2001","2001","kg/ha","1399.9","A","Official figure",""
"QCL","Crops and livestock products","566","Nigeria","5510","Production","0112","Maize (corn)","2001","2001","t","4596000","A","Official figure",""
"QCL","Crops and livestock products","566","Nigeria","5312","Area harvested","0112","Maize (corn)","2002","2002","ha","3282000","A","Official figure",""
"QCL","Crops and livestock products","566","Nigeria","5412","Yield","0112","Maize (corn)","2002","2002","kg/ha","1489.9","A","Official figure",""
"QCL","Crops and livestock products","566","Nigeria","5510","Production","0112","Maize (corn)","2002","2002","t","4890000","A","Official figure",""
"QCL","Crops and livestock products","566","Nigeria","5312","Area harvested","0112","Maize (corn)","2003","2003","ha","3469000","A","Official figure",""
"QCL","Crops and livestock products","566","Nigeria","5412","Yield","0112","Maize (corn)","2003","2003","kg/ha","1499.9","A","Official figure",""
"QCL","Crops and livestock products","566","Nigeria","5510","Production","0112","Maize (corn)","2003","2003","t","5203000","A","Official figure",""
"QCL","Crops and livestock products","566","Nigeria","5312","Area harvested","0112","Maize (corn)","2004","2004","ha","3479000","A","Official figure",""
"QCL","Crops and livestock products","566","Nigeria","5412","Yield","0112","Maize (corn)","2004","2004","kg/ha","1600.2","A","Official figure",""
"QCL","Crops and livestock products","566","Nigeria","5510","Production","0112","Maize (corn)","2004","2004","t","5567000","A","Official figure",""
"QCL","Crops and livestock products","566","Nigeria","5312","Area harvested","0112","Maize (corn)","2005","2005","ha","3589000","A","Official figure",""
"QCL","Crops and livestock products","566","Nigeria","5412","Yield","0112","Maize (corn)","2005","2005","kg/ha","1659.8","A","Official figure",""
"QCL","Crops and livestock products","566","Nigeria","5510","Production","0112","Maize (corn)","2005","2005","t","5957000","A","Official figure",""
"QCL","Crops and livestock products","566","Nigeria","5312","Area harvested","0112","Maize (corn)","2006","2006","ha","3905000","A","Official figure",""
"QCL","Crops and livestock products","566","Nigeria","5412","Yield","0112","Maize (corn)","2006","2006","kg/ha","1818.2","A","Official figure",""
"QCL","Crops and livestock products","566","Nigeria","5510","Production","0112","Maize (corn)","2006","2006","t","7100000","A","Official figure",""
"QCL","Crops and livestock products","566","Nigeria","5312","Area harvested","0112","Maize (corn)","2007","2007","ha","3944000","A","Official figure",""
"QCL","Crops and livestock products","566","Nigeria","5412","Yield","0112","Maize (corn)","2007","2007","kg/ha","1704.9","A","Official figure",""
"QCL","Crops and livestock products","566","Nigeria","5510","Production","0112","Maize (corn)","2007","2007","t","6724000","A","Official figure",""
"QCL","Crops and livestock products","566","Nigeria","5312","Area harvested","0112","Maize (corn)","2008","2008","ha","3845000","A","Official figure",""
"QCL","Crops and livestock products","566","Nigeria","5412","Yield","0112","Maize (corn)","2008","2008","kg/ha","1957.1","A","Official figure",""
"QCL","Crops and livestock products","566","Nigeria","5510","Production","0112","Maize (corn)","2008","2008","t","7525000","A","Official figure",""
"QCL","Crops and livestock products","566","Nigeria","5312","Area harvested","0112","Maize (corn)","2009","2009","ha","3350560","A","Official figure",""
"QCL","Crops and livestock products","566","Nigeria","5412","Yield","0112","Maize (corn)","2009","2009","kg/ha","2196.1","A","Official figure",""
"QCL","Crops and livestock products","566","Nigeria","5510","Production","0112","Maize (corn)","2009","2009","t","7358260","A","Official figure",""
"QCL","Crops and livestock products","566","Nigeria","5312","Area harvested","0112","Maize (corn)","2010","2010","ha","4149310","A","Official figure",""
"QCL","Crops and livestock products","566","Nigeria","5412","Yield","0112","Maize (corn)","2010","2010","kg/ha","1850.2","A","Official figure",""
"QCL","Crops and livestock products","566","Nigeria","5510","Production","0112","Maize (corn)","2010","2010","t","7676850","A","Official figure",""
"QCL","Crops and livestock products","566","Nigeria","5312","Area harvested","0112","Maize (corn)","2011","2011","ha","5456540","A","Official figure",""
"QCL","Crops and livestock products","566","Nigeria","5412","Yield","0112","Maize (corn)","2011","2011","kg/ha","1627.1","A","Official figure",""
"QCL","Crops and livestock products","566","Nigeria","5510","Production","0112","Maize (corn)","2011","2011","t","8878456","A","Official figure",""
"QCL","Crops and livestock products","566","Nigeria","5312","Area harvested","0112","Maize (corn)","2012","2012","ha","5751300","A","Official figure",""
"QCL","Crops and livestock products","566","Nigeria","5412","Yield","0112","Maize (corn)","2012","2012","kg/ha","1511.8","A","Official figure",""
"QCL","Crops and livestock products","566","Nigeria","5510","Production","0112","Maize (corn)","2012","2012","t","8694900","A","Official figure",""
"QCL","Crops and livestock products","566","Nigeria","5312","Area harvested","0112","Maize (corn)","2013","2013","ha","5762700","A","Official figure",""
"QCL","Crops and livestock products","566","Nigeria","5412","Yield","0112","Maize (corn)","2013","2013","kg/ha","1461.6","A","Official figure",""
"QCL","Crops and livestock products","566","Nigeria","5510","Production","0112","Maize (corn)","2013","2013","t","8422670","A","Official figure",""
"QCL","Crops and livestock products","566","Nigeria","5312","Area harvested","0112","Maize (corn)","2014","2014","ha","6346551","A","Official figure",""
"QCL","Crops and livestock products","566","Nigeria","5412","Yield","0112","Maize (corn)","2014","2014","kg/ha","1700.2","A","Official figure",""
"QCL","Crops and livestock products","566","Nigeria","5510","Production","0112","Maize (corn)","2014","2014","t","10790600","A","Official figure",""
"QCL","Crops and livestock products","566","Nigeria","5312","Area harvested","0112","Maize (corn)","2015","2015","ha","5550360","A","Official figure",""
"QCL","Crops and livestock products","566","Nigeria","5412","Yield","0112","Maize (corn)","2015","2015","kg/ha","1718.8","A","Official figure",""
"QCL","Crops and livestock products","566","Nigeria","5510","Production","0112","Maize (corn)","2015","2015","t","9540190","A","Official figure",""
"QCL","Crops and livestock products","566","Nigeria","5312","Area harvested","0112","Maize (corn)","2016","2016","ha","5904906","A","Official figure",""
"QCL","Crops and livestock products","566","Nigeria","5412","Yield","0112","Maize (corn)","2016","2016","kg/ha","1783.7","A","Official figure",""
"QCL","Crops and livestock products","566","Nigeria","5510","Production","0112","Maize (corn)","2016","2016","t","10532340","A","Official figure",""
"QCL","Crops and livestock products","566","Nigeria","5312","Area harvested","0112","Maize (corn)","2017","2017","ha","6389296","A","Official figure",""
"QCL","Crops and livestock products","566","Nigeria","5412","Yield","0112","Maize (corn)","2017","2017","kg/ha","1664.1","A","Official figure",""
"QCL","Crops and livestock products","566","Nigeria","5510","Production","0112","Maize (corn)","2017","2017","t","10632299","A","Official figure",""
"QCL","Crops and livestock products","566","Nigeria","5312","Area harvested","0112","Maize (corn)","2018","2018","ha","6541183","A","Official figure",""
"QCL","Crops and livestock products","566","Nigeria","5412","Yield","0112","Maize (corn)","2018","2018","kg/ha","1671.6","A","Official figure",""
"QCL","Crops and livestock products","566","Nigeria","5510","Production","0112","Maize (corn)","2018","2018","t","10934149","A","Official figure",""
"QCL","Crops and livestock products","566","Nigeria","5312","Area harvested","0112","Maize (corn)","2019","2019","ha","6783924","I","Value imputed by a receiving agency",""
"QCL","Crops and livestock products","566","Nigeria","5412","Yield","0112","Maize (corn)","2019","2019","kg/ha","1857.2","E","Estimated value",""
"QCL","Crops and livestock products","566","Nigeria","5510","Production","0112","Maize (corn)","2019","2019","t","12598945","A","Official figure",""
"QCL","Crops and livestock products","566","Nigeria","5312","Area harvested","0112","Maize (corn)","2020","2020","ha","6048600","A","Official figure",""
"QCL","Crops and livestock products","566","Nigeria","5412","Yield","0112","Maize (corn)","2020","2020","kg/ha","2050.6","A","Official figure",""
"QCL","Crops and livestock products","566","Nigeria","5510","Production","0112","Maize (corn)","2020","2020","t","12403300","A","Official figure",""
"QCL","Crops and livestock products","566","Nigeria","5312","Area harvested","0112","Maize (corn)","2021","2021","ha","6205280","A","Official figure",""
"QCL","Crops and livestock products","566","Nigeria","5412","Yield","0112","Maize (corn)","2021","2021","kg/ha","2053.8","A","Official figure",""
"QCL","Crops and livestock products","566","Nigeria","5510","Production","0112","Maize (corn)","2021","2021","t","12744450","A","Official figure",""
"QCL","Crops and livestock products","566","Nigeria","5312","Area harvested","0112","Maize (corn)","2022","2022","ha","5800000","X","Figure from external organization","Unofficial figure"
"QCL","Crops and livestock products","566","Nigeria","5412","Yield","0112","Maize (corn)","2022","2022","kg/ha","2232.6","X","Figure from external organization",""
"QCL","Crops and livestock products","566","Nigeria","5510","Production","0112","Maize (corn)","2022","2022","t","12948920","X","Figure from external organization","Unofficial figure"
"QCL","Crops and livestock products","566","Nigeria","5312","Area harvested","0112","Maize (corn)","2023","2023","ha","5700000","X","Figure from external organization","Unofficial figure"
"QCL","Crops and livestock products","566","Nigeria","5412","Yield","0112","Maize (corn)","2023","2023","kg/ha","1939.1","X","Figure from external organization",""
"QCL","Crops and livestock products","566","Nigeria","5510","Production","0112","Maize (corn)","2023","2023","t","11053000","X","Figure from external organization","Unofficial figure"
"QCL","Crops and livestock products","566","Nigeria","5312","Area harvested","0112","Maize (corn)","2024","2024","ha","5500000","X","Figure from external organization","Unofficial figure"
"QCL","Crops and livestock products","566","Nigeria","5412","Yield","0112","Maize (corn)","2024","2024","kg/ha","2029.8","X","Figure from external organization",""
"QCL","Crops and livestock products","566","Nigeria","5510","Production","0112","Maize (corn)","2024","2024","t","11164000","X","Figure from external organization","Unofficial figure"
"QCL","Crops and livestock products","566","Nigeria","5312","Area harvested","01316","Mangoes, guavas and mangosteens","2000","2000","ha","125000","E","Estimated value",""
"QCL","Crops and livestock products","566","Nigeria","5412","Yield","01316","Mangoes, guavas and mangosteens","2000","2000","kg/ha","5840","E","Estimated value",""
"QCL","Crops and livestock products","566","Nigeria","5510","Production","01316","Mangoes, guavas and mangosteens","2000","2000","t","730000","E","Estimated value",""
"QCL","Crops and livestock products","566","Nigeria","5312","Area harvested","01316","Mangoes, guavas and mangosteens","2001","2001","ha","125430","I","Value imputed by a receiving agency",""
"QCL","Crops and livestock products","566","Nigeria","5412","Yield","01316","Mangoes, guavas and mangosteens","2001","2001","kg/ha","5822","E","Estimated value",""
"QCL","Crops and livestock products","566","Nigeria","5510","Production","01316","Mangoes, guavas and mangosteens","2001","2001","t","730258.13","I","Value imputed by a receiving agency",""
"QCL","Crops and livestock products","566","Nigeria","5312","Area harvested","01316","Mangoes, guavas and mangosteens","2002","2002","ha","125403","I","Value imputed by a receiving agency",""
"QCL","Crops and livestock products","566","Nigeria","5412","Yield","01316","Mangoes, guavas and mangosteens","2002","2002","kg/ha","5827.3","E","Estimated value",""
"QCL","Crops and livestock products","566","Nigeria","5510","Production","01316","Mangoes, guavas and mangosteens","2002","2002","t","730759.18","I","Value imputed by a receiving agency",""
"QCL","Crops and livestock products","566","Nigeria","5312","Area harvested","01316","Mangoes, guavas and mangosteens","2003","2003","ha","125366","I","Value imputed by a receiving agency",""
"QCL","Crops and livestock products","566","Nigeria","5412","Yield","01316","Mangoes, guavas and mangosteens","2003","2003","kg/ha","5829.7","E","Estimated value",""
"QCL","Crops and livestock products","566","Nigeria","5510","Production","01316","Mangoes, guavas and mangosteens","2003","2003","t","730840.69","I","Value imputed by a receiving agency",""
"QCL","Crops and livestock products","566","Nigeria","5312","Area harvested","01316","Mangoes, guavas and mangosteens","2004","2004","ha","125193","I","Value imputed by a receiving agency",""
"QCL","Crops and livestock products","566","Nigeria","5412","Yield","01316","Mangoes, guavas and mangosteens","2004","2004","kg/ha","5839","E","Estimated value",""
"QCL","Crops and livestock products","566","Nigeria","5510","Production","01316","Mangoes, guavas and mangosteens","2004","2004","t","731001.84","I","Value imputed by a receiving agency",""
"QCL","Crops and livestock products","566","Nigeria","5312","Area harvested","01316","Mangoes, guavas and mangosteens","2005","2005","ha","125500","E","Estimated value",""
"QCL","Crops and livestock products","566","Nigeria","5412","Yield","01316","Mangoes, guavas and mangosteens","2005","2005","kg/ha","5824.7","E","Estimated value",""
"QCL","Crops and livestock products","566","Nigeria","5510","Production","01316","Mangoes, guavas and mangosteens","2005","2005","t","731000","E","Estimated value",""
"QCL","Crops and livestock products","566","Nigeria","5312","Area harvested","01316","Mangoes, guavas and mangosteens","2006","2006","ha","126000","E","Estimated value",""
"QCL","Crops and livestock products","566","Nigeria","5412","Yield","01316","Mangoes, guavas and mangosteens","2006","2006","kg/ha","5805.6","E","Estimated value",""
"QCL","Crops and livestock products","566","Nigeria","5510","Production","01316","Mangoes, guavas and mangosteens","2006","2006","t","731500","E","Estimated value",""
"QCL","Crops and livestock products","566","Nigeria","5312","Area harvested","01316","Mangoes, guavas and mangosteens","2007","2007","ha","126500","E","Estimated value",""
"QCL","Crops and livestock products","566","Nigeria","5412","Yield","01316","Mangoes, guavas and mangosteens","2007","2007","kg/ha","5802.4","E","Estimated value",""
"QCL","Crops and livestock products","566","Nigeria","5510","Production","01316","Mangoes, guavas and mangosteens","2007","2007","t","734000","E","Estimated value",""
"QCL","Crops and livestock products","566","Nigeria","5312","Area harvested","01316","Mangoes, guavas and mangosteens","2008","2008","ha","128000","E","Estimated value",""
"QCL","Crops and livestock products","566","Nigeria","5412","Yield","01316","Mangoes, guavas and mangosteens","2008","2008","kg/ha","6250","E","Estimated value",""
"QCL","Crops and livestock products","566","Nigeria","5510","Production","01316","Mangoes, guavas and mangosteens","2008","2008","t","800000","E","Estimated value",""
"QCL","Crops and livestock products","566","Nigeria","5312","Area harvested","01316","Mangoes, guavas and mangosteens","2009","2009","ha","129000","E","Estimated value",""
"QCL","Crops and livestock products","566","Nigeria","5412","Yield","01316","Mangoes, guavas and mangosteens","2009","2009","kg/ha","6472.9","E","Estimated value",""
"QCL","Crops and livestock products","566","Nigeria","5510","Production","01316","Mangoes, guavas and mangosteens","2009","2009","t","835000","E","Estimated value",""
"QCL","Crops and livestock products","566","Nigeria","5312","Area harvested","01316","Mangoes, guavas and mangosteens","2010","2010","ha","130000","E","Estimated value",""
"QCL","Crops and livestock products","566","Nigeria","5412","Yield","01316","Mangoes, guavas and mangosteens","2010","2010","kg/ha","6538.5","E","Estimated value",""
"QCL","Crops and livestock products","566","Nigeria","5510","Production","01316","Mangoes, guavas and mangosteens","2010","2010","t","850000","E","Estimated value",""
"QCL","Crops and livestock products","566","Nigeria","5312","Area harvested","01316","Mangoes, guavas and mangosteens","2011","2011","ha","130000","E","Estimated value",""
"QCL","Crops and livestock products","566","Nigeria","5412","Yield","01316","Mangoes, guavas and mangosteens","2011","2011","kg/ha","6615.4","E","Estimated value",""
"QCL","Crops and livestock products","566","Nigeria","5510","Production","01316","Mangoes, guavas and mangosteens","2011","2011","t","860000","E","Estimated value",""
"QCL","Crops and livestock products","566","Nigeria","5312","Area harvested","01316","Mangoes, guavas and mangosteens","2012","2012","ha","132000","E","Estimated value",""
"QCL","Crops and livestock products","566","Nigeria","5412","Yield","01316","Mangoes, guavas and mangosteens","2012","2012","kg/ha","6553","E","Estimated value",""
"QCL","Crops and livestock products","566","Nigeria","5510","Production","01316","Mangoes, guavas and mangosteens","2012","2012","t","865000","E","Estimated value",""
"QCL","Crops and livestock products","566","Nigeria","5312","Area harvested","01316","Mangoes, guavas and mangosteens","2013","2013","ha","130000","E","Estimated value",""
"QCL","Crops and livestock products","566","Nigeria","5412","Yield","01316","Mangoes, guavas and mangosteens","2013","2013","kg/ha","6600","E","Estimated value",""
"QCL","Crops and livestock products","566","Nigeria","5510","Production","01316","Mangoes, guavas and mangosteens","2013","2013","t","858000","E","Estimated value",""
"QCL","Crops and livestock products","566","Nigeria","5312","Area harvested","01316","Mangoes, guavas and mangosteens","2014","2014","ha","130200","E","Estimated value",""
"QCL","Crops and livestock products","566","Nigeria","5412","Yield","01316","Mangoes, guavas and mangosteens","2014","2014","kg/ha","6720.4","E","Estimated value",""
"QCL","Crops and livestock products","566","Nigeria","5510","Production","01316","Mangoes, guavas and mangosteens","2014","2014","t","875000","E","Estimated value",""
"QCL","Crops and livestock products","566","Nigeria","5312","Area harvested","01316","Mangoes, guavas and mangosteens","2015","2015","ha","130391","I","Value imputed by a receiving agency",""
"QCL","Crops and livestock products","566","Nigeria","5412","Yield","01316","Mangoes, guavas and mangosteens","2015","2015","kg/ha","6830.5","E","Estimated value",""
"QCL","Crops and livestock products","566","Nigeria","5510","Production","01316","Mangoes, guavas and mangosteens","2015","2015","t","890630.12","I","Value imputed by a receiving agency",""
"QCL","Crops and livestock products","566","Nigeria","5312","Area harvested","01316","Mangoes, guavas and mangosteens","2016","2016","ha","130514","I","Value imputed by a receiving agency",""
"QCL","Crops and livestock products","566","Nigeria","5412","Yield","01316","Mangoes, guavas and mangosteens","2016","2016","kg/ha","6934.1","E","Estimated value",""
"QCL","Crops and livestock products","566","Nigeria","5510","Production","01316","Mangoes, guavas and mangosteens","2016","2016","t","904992.35","I","Value imputed by a receiving agency",""
"QCL","Crops and livestock products","566","Nigeria","5312","Area harvested","01316","Mangoes, guavas and mangosteens","2017","2017","ha","130775","I","Value imputed by a receiving agency",""
"QCL","Crops and livestock products","566","Nigeria","5412","Yield","01316","Mangoes, guavas and mangosteens","2017","2017","kg/ha","7031.2","E","Estimated value",""
"QCL","Crops and livestock products","566","Nigeria","5510","Production","01316","Mangoes, guavas and mangosteens","2017","2017","t","919505.39","I","Value imputed by a receiving agency",""
"QCL","Crops and livestock products","566","Nigeria","5312","Area harvested","01316","Mangoes, guavas and mangosteens","2018","2018","ha","131084","I","Value imputed by a receiving agency",""
"QCL","Crops and livestock products","566","Nigeria","5412","Yield","01316","Mangoes, guavas and mangosteens","2018","2018","kg/ha","7120.9","E","Estimated value",""
"QCL","Crops and livestock products","566","Nigeria","5510","Production","01316","Mangoes, guavas and mangosteens","2018","2018","t","933430.8","I","Value imputed by a receiving agency",""
"QCL","Crops and livestock products","566","Nigeria","5312","Area harvested","01316","Mangoes, guavas and mangosteens","2019","2019","ha","131447","I","Value imputed by a receiving agency",""
"QCL","Crops and livestock products","566","Nigeria","5412","Yield","01316","Mangoes, guavas and mangosteens","2019","2019","kg/ha","7204.3","E","Estimated value",""
"QCL","Crops and livestock products","566","Nigeria","5510","Production","01316","Mangoes, guavas and mangosteens","2019","2019","t","946988.16","I","Value imputed by a receiving agency",""
"QCL","Crops and livestock products","566","Nigeria","5312","Area harvested","01316","Mangoes, guavas and mangosteens","2020","2020","ha","131984","I","Value imputed by a receiving agency",""
"QCL","Crops and livestock products","566","Nigeria","5412","Yield","01316","Mangoes, guavas and mangosteens","2020","2020","kg/ha","7275.3","E","Estimated value",""
"QCL","Crops and livestock products","566","Nigeria","5510","Production","01316","Mangoes, guavas and mangosteens","2020","2020","t","960227.6","I","Value imputed by a receiving agency",""
"QCL","Crops and livestock products","566","Nigeria","5312","Area harvested","01316","Mangoes, guavas and mangosteens","2021","2021","ha","131752","I","Value imputed by a receiving agency",""
"QCL","Crops and livestock products","566","Nigeria","5412","Yield","01316","Mangoes, guavas and mangosteens","2021","2021","kg/ha","7317.2","E","Estimated value",""
"QCL","Crops and livestock products","566","Nigeria","5510","Production","01316","Mangoes, guavas and mangosteens","2021","2021","t","964048.54","I","Value imputed by a receiving agency",""
"QCL","Crops and livestock products","566","Nigeria","5312","Area harvested","01316","Mangoes, guavas and mangosteens","2022","2022","ha","131155","I","Value imputed by a receiving agency",""
"QCL","Crops and livestock products","566","Nigeria","5412","Yield","01316","Mangoes, guavas and mangosteens","2022","2022","kg/ha","7297.4","E","Estimated value",""
"QCL","Crops and livestock products","566","Nigeria","5510","Production","01316","Mangoes, guavas and mangosteens","2022","2022","t","957088.1","E","Estimated value",""
"QCL","Crops and livestock products","566","Nigeria","5312","Area harvested","01316","Mangoes, guavas and mangosteens","2023","2023","ha","130964","I","Value imputed by a receiving agency",""
"QCL","Crops and livestock products","566","Nigeria","5412","Yield","01316","Mangoes, guavas and mangosteens","2023","2023","kg/ha","7333.7","E","Estimated value",""
"QCL","Crops and livestock products","566","Nigeria","5510","Production","01316","Mangoes, guavas and mangosteens","2023","2023","t","960454.75","E","Estimated value",""
"QCL","Crops and livestock products","566","Nigeria","5312","Area harvested","01316","Mangoes, guavas and mangosteens","2024","2024","ha","130757","I","Value imputed by a receiving agency",""
"QCL","Crops and livestock products","566","Nigeria","5412","Yield","01316","Mangoes, guavas and mangosteens","2024","2024","kg/ha","7345.9","E","Estimated value",""
"QCL","Crops and livestock products","566","Nigeria","5510","Production","01316","Mangoes, guavas and mangosteens","2024","2024","t","960530.46","E","Estimated value",""
"QCL","Crops and livestock products","566","Nigeria","5312","Area harvested","01449.01","Melonseed","2000","2000","ha","575000","A","Official figure",""
"QCL","Crops and livestock products","566","Nigeria","5412","Yield","01449.01","Melonseed","2000","2000","kg/ha","600","A","Official figure",""
"QCL","Crops and livestock products","566","Nigeria","5510","Production","01449.01","Melonseed","2000","2000","t","345000","A","Official figure",""
"QCL","Crops and livestock products","566","Nigeria","5312","Area harvested","01449.01","Melonseed","2001","2001","ha","580000","A","Official figure",""
"QCL","Crops and livestock products","566","Nigeria","5412","Yield","01449.01","Melonseed","2001","2001","kg/ha","600","A","Official figure",""
"QCL","Crops and livestock products","566","Nigeria","5510","Production","01449.01","Melonseed","2001","2001","t","348000","A","Official figure",""
"QCL","Crops and livestock products","566","Nigeria","5312","Area harvested","01449.01","Melonseed","2002","2002","ha","587000","A","Official figure",""
"QCL","Crops and livestock products","566","Nigeria","5412","Yield","01449.01","Melonseed","2002","2002","kg/ha","630.3","A","Official figure",""
"QCL","Crops and livestock products","566","Nigeria","5510","Production","01449.01","Melonseed","2002","2002","t","370000","A","Official figure",""
"QCL","Crops and livestock products","566","Nigeria","5312","Area harvested","01449.01","Melonseed","2003","2003","ha","625000","A","Official figure",""
"QCL","Crops and livestock products","566","Nigeria","5412","Yield","01449.01","Melonseed","2003","2003","kg/ha","630.4","A","Official figure",""
"QCL","Crops and livestock products","566","Nigeria","5510","Production","01449.01","Melonseed","2003","2003","t","394000","A","Official figure",""
"QCL","Crops and livestock products","566","Nigeria","5312","Area harvested","01449.01","Melonseed","2004","2004","ha","659000","A","Official figure",""
"QCL","Crops and livestock products","566","Nigeria","5412","Yield","01449.01","Melonseed","2004","2004","kg/ha","640.4","A","Official figure",""
"QCL","Crops and livestock products","566","Nigeria","5510","Production","01449.01","Melonseed","2004","2004","t","422000","A","Official figure",""
"QCL","Crops and livestock products","566","Nigeria","5312","Area harvested","01449.01","Melonseed","2005","2005","ha","694000","A","Official figure",""
"QCL","Crops and livestock products","566","Nigeria","5412","Yield","01449.01","Melonseed","2005","2005","kg/ha","649.9","A","Official figure",""
"QCL","Crops and livestock products","566","Nigeria","5510","Production","01449.01","Melonseed","2005","2005","t","451000","A","Official figure",""
"QCL","Crops and livestock products","566","Nigeria","5312","Area harvested","01449.01","Melonseed","2006","2006","ha","732000","A","Official figure",""
"QCL","Crops and livestock products","566","Nigeria","5412","Yield","01449.01","Melonseed","2006","2006","kg/ha","659.8","A","Official figure",""
"QCL","Crops and livestock products","566","Nigeria","5510","Production","01449.01","Melonseed","2006","2006","t","483000","A","Official figure",""
"QCL","Crops and livestock products","566","Nigeria","5312","Area harvested","01449.01","Melonseed","2007","2007","ha","743000","A","Official figure",""
"QCL","Crops and livestock products","566","Nigeria","5412","Yield","01449.01","Melonseed","2007","2007","kg/ha","659.5","A","Official figure",""
"QCL","Crops and livestock products","566","Nigeria","5510","Production","01449.01","Melonseed","2007","2007","t","490000","A","Official figure",""
"QCL","Crops and livestock products","566","Nigeria","5312","Area harvested","01449.01","Melonseed","2008","2008","ha","724000","A","Official figure",""
"QCL","Crops and livestock products","566","Nigeria","5412","Yield","01449.01","Melonseed","2008","2008","kg/ha","680.9","A","Official figure",""
"QCL","Crops and livestock products","566","Nigeria","5510","Production","01449.01","Melonseed","2008","2008","t","493000","A","Official figure",""
"QCL","Crops and livestock products","566","Nigeria","5312","Area harvested","01449.01","Melonseed","2009","2009","ha","489590","A","Official figure",""
"QCL","Crops and livestock products","566","Nigeria","5412","Yield","01449.01","Melonseed","2009","2009","kg/ha","822.2","A","Official figure",""
"QCL","Crops and livestock products","566","Nigeria","5510","Production","01449.01","Melonseed","2009","2009","t","402550","A","Official figure",""
"QCL","Crops and livestock products","566","Nigeria","5312","Area harvested","01449.01","Melonseed","2010","2010","ha","469690","A","Official figure",""
"QCL","Crops and livestock products","566","Nigeria","5412","Yield","01449.01","Melonseed","2010","2010","kg/ha","1080.2","A","Official figure",""
"QCL","Crops and livestock products","566","Nigeria","5510","Production","01449.01","Melonseed","2010","2010","t","507340","A","Official figure",""
"QCL","Crops and livestock products","566","Nigeria","5312","Area harvested","01449.01","Melonseed","2011","2011","ha","436833","I","Value imputed by a receiving agency",""
"QCL","Crops and livestock products","566","Nigeria","5412","Yield","01449.01","Melonseed","2011","2011","kg/ha","1187.8","E","Estimated value",""
"QCL","Crops and livestock products","566","Nigeria","5510","Production","01449.01","Melonseed","2011","2011","t","518875.34","I","Value imputed by a receiving agency",""
"QCL","Crops and livestock products","566","Nigeria","5312","Area harvested","01449.01","Melonseed","2012","2012","ha","789177","I","Value imputed by a receiving agency",""
"QCL","Crops and livestock products","566","Nigeria","5412","Yield","01449.01","Melonseed","2012","2012","kg/ha","667.2","E","Estimated value",""
"QCL","Crops and livestock products","566","Nigeria","5510","Production","01449.01","Melonseed","2012","2012","t","526571.98","I","Value imputed by a receiving agency",""
"QCL","Crops and livestock products","566","Nigeria","5312","Area harvested","01449.01","Melonseed","2013","2013","ha","880836","I","Value imputed by a receiving agency",""
"QCL","Crops and livestock products","566","Nigeria","5412","Yield","01449.01","Melonseed","2013","2013","kg/ha","606.2","E","Estimated value",""
"QCL","Crops and livestock products","566","Nigeria","5510","Production","01449.01","Melonseed","2013","2013","t","534001","I","Value imputed by a receiving agency",""
"QCL","Crops and livestock products","566","Nigeria","5312","Area harvested","01449.01","Melonseed","2014","2014","ha","987615","I","Value imputed by a receiving agency",""
"QCL","Crops and livestock products","566","Nigeria","5412","Yield","01449.01","Melonseed","2014","2014","kg/ha","557.1","E","Estimated value",""
"QCL","Crops and livestock products","566","Nigeria","5510","Production","01449.01","Melonseed","2014","2014","t","550245.58","I","Value imputed by a receiving agency",""
"QCL","Crops and livestock products","566","Nigeria","5312","Area harvested","01449.01","Melonseed","2015","2015","ha","844650","I","Value imputed by a receiving agency",""
"QCL","Crops and livestock products","566","Nigeria","5412","Yield","01449.01","Melonseed","2015","2015","kg/ha","670.9","E","Estimated value",""
"QCL","Crops and livestock products","566","Nigeria","5510","Production","01449.01","Melonseed","2015","2015","t","566671.97","I","Value imputed by a receiving agency",""
"QCL","Crops and livestock products","566","Nigeria","5312","Area harvested","01449.01","Melonseed","2016","2016","ha","904367","E","Estimated value",""
"QCL","Crops and livestock products","566","Nigeria","5412","Yield","01449.01","Melonseed","2016","2016","kg/ha","608.5","E","Estimated value",""
"QCL","Crops and livestock products","566","Nigeria","5510","Production","01449.01","Melonseed","2016","2016","t","550306.18","E","Estimated value",""
"QCL","Crops and livestock products","566","Nigeria","5312","Area harvested","01449.01","Melonseed","2017","2017","ha","954189","I","Value imputed by a receiving agency",""
"QCL","Crops and livestock products","566","Nigeria","5412","Yield","01449.01","Melonseed","2017","2017","kg/ha","594.5","E","Estimated value",""
"QCL","Crops and livestock products","566","Nigeria","5510","Production","01449.01","Melonseed","2017","2017","t","567305.69","I","Value imputed by a receiving agency",""
"QCL","Crops and livestock products","566","Nigeria","5312","Area harvested","01449.01","Melonseed","2018","2018","ha","901068","E","Estimated value",""
"QCL","Crops and livestock products","566","Nigeria","5412","Yield","01449.01","Melonseed","2018","2018","kg/ha","649.3","E","Estimated value",""
"QCL","Crops and livestock products","566","Nigeria","5510","Production","01449.01","Melonseed","2018","2018","t","585085.23","I","Value imputed by a receiving agency",""
"QCL","Crops and livestock products","566","Nigeria","5312","Area harvested","01449.01","Melonseed","2019","2019","ha","875163","I","Value imputed by a receiving agency",""
"QCL","Crops and livestock products","566","Nigeria","5412","Yield","01449.01","Melonseed","2019","2019","kg/ha","648.5","E","Estimated value",""
"QCL","Crops and livestock products","566","Nigeria","5510","Production","01449.01","Melonseed","2019","2019","t","567565.7","E","Estimated value",""
"QCL","Crops and livestock products","566","Nigeria","5312","Area harvested","01449.01","Melonseed","2020","2020","ha","922773","I","Value imputed by a receiving agency",""
"QCL","Crops and livestock products","566","Nigeria","5412","Yield","01449.01","Melonseed","2020","2020","kg/ha","642.5","E","Estimated value",""
"QCL","Crops and livestock products","566","Nigeria","5510","Production","01449.01","Melonseed","2020","2020","t","592891.71","I","Value imputed by a receiving agency",""
"QCL","Crops and livestock products","566","Nigeria","5312","Area harvested","01449.01","Melonseed","2021","2021","ha","899668","E","Estimated value",""
"QCL","Crops and livestock products","566","Nigeria","5412","Yield","01449.01","Melonseed","2021","2021","kg/ha","646.7","E","Estimated value",""
"QCL","Crops and livestock products","566","Nigeria","5510","Production","01449.01","Melonseed","2021","2021","t","581847.54","E","Estimated value",""
"QCL","Crops and livestock products","566","Nigeria","5312","Area harvested","01449.01","Melonseed","2022","2022","ha","899201","E","Estimated value",""
"QCL","Crops and livestock products","566","Nigeria","5412","Yield","01449.01","Melonseed","2022","2022","kg/ha","645.9","E","Estimated value",""
"QCL","Crops and livestock products","566","Nigeria","5510","Production","01449.01","Melonseed","2022","2022","t","580768.32","E","Estimated value",""
"QCL","Crops and livestock products","566","Nigeria","5312","Area harvested","01449.01","Melonseed","2023","2023","ha","907214","E","Estimated value",""
"QCL","Crops and livestock products","566","Nigeria","5412","Yield","01449.01","Melonseed","2023","2023","kg/ha","645","E","Estimated value",""
"QCL","Crops and livestock products","566","Nigeria","5510","Production","01449.01","Melonseed","2023","2023","t","585169.19","E","Estimated value",""
"QCL","Crops and livestock products","566","Nigeria","5312","Area harvested","01449.01","Melonseed","2024","2024","ha","902028","E","Estimated value",""
"QCL","Crops and livestock products","566","Nigeria","5412","Yield","01449.01","Melonseed","2024","2024","kg/ha","645.9","E","Estimated value",""
"QCL","Crops and livestock products","566","Nigeria","5510","Production","01449.01","Melonseed","2024","2024","t","582595.02","E","Estimated value",""
"QCL","Crops and livestock products","566","Nigeria","5312","Area harvested","0118","Millet","2000","2000","ha","5814000","A","Official figure",""
"QCL","Crops and livestock products","566","Nigeria","5412","Yield","0118","Millet","2000","2000","kg/ha","1050.1","A","Official figure",""
"QCL","Crops and livestock products","566","Nigeria","5510","Production","0118","Millet","2000","2000","t","6105000","A","Official figure",""
"QCL","Crops and livestock products","566","Nigeria","5312","Area harvested","0118","Millet","2001","2001","ha","4254000","A","Official figure",""
"QCL","Crops and livestock products","566","Nigeria","5412","Yield","0118","Millet","2001","2001","kg/ha","1300","A","Official figure",""
"QCL","Crops and livestock products","566","Nigeria","5510","Production","0118","Millet","2001","2001","t","5530000","A","Official figure",""
"QCL","Crops and livestock products","566","Nigeria","5312","Area harvested","0118","Millet","2002","2002","ha","4490000","A","Official figure",""
"QCL","Crops and livestock products","566","Nigeria","5412","Yield","0118","Millet","2002","2002","kg/ha","1310.5","A","Official figure",""
"QCL","Crops and livestock products","566","Nigeria","5510","Production","0118","Millet","2002","2002","t","5884000","A","Official figure",""
"QCL","Crops and livestock products","566","Nigeria","5312","Area harvested","0118","Millet","2003","2003","ha","4536000","A","Official figure",""
"QCL","Crops and livestock products","566","Nigeria","5412","Yield","0118","Millet","2003","2003","kg/ha","1380.1","A","Official figure",""
"QCL","Crops and livestock products","566","Nigeria","5510","Production","0118","Millet","2003","2003","t","6260000","A","Official figure",""
"QCL","Crops and livestock products","566","Nigeria","5312","Area harvested","0118","Millet","2004","2004","ha","4620000","A","Official figure",""
"QCL","Crops and livestock products","566","Nigeria","5412","Yield","0118","Millet","2004","2004","kg/ha","1450","A","Official figure",""
"QCL","Crops and livestock products","566","Nigeria","5510","Production","0118","Millet","2004","2004","t","6699000","A","Official figure",""
"QCL","Crops and livestock products","566","Nigeria","5312","Area harvested","0118","Millet","2005","2005","ha","4685000","A","Official figure",""
"QCL","Crops and livestock products","566","Nigeria","5412","Yield","0118","Millet","2005","2005","kg/ha","1530","A","Official figure",""
"QCL","Crops and livestock products","566","Nigeria","5510","Production","0118","Millet","2005","2005","t","7168000","A","Official figure",""
"QCL","Crops and livestock products","566","Nigeria","5312","Area harvested","0118","Millet","2006","2006","ha","4971000","A","Official figure",""
"QCL","Crops and livestock products","566","Nigeria","5412","Yield","0118","Millet","2006","2006","kg/ha","1550","A","Official figure",""
"QCL","Crops and livestock products","566","Nigeria","5510","Production","0118","Millet","2006","2006","t","7705000","A","Official figure",""
"QCL","Crops and livestock products","566","Nigeria","5312","Area harvested","0118","Millet","2007","2007","ha","5056000","A","Official figure",""
"QCL","Crops and livestock products","566","Nigeria","5412","Yield","0118","Millet","2007","2007","kg/ha","1600.1","A","Official figure",""
"QCL","Crops and livestock products","566","Nigeria","5510","Production","0118","Millet","2007","2007","t","8090000","A","Official figure",""
"QCL","Crops and livestock products","566","Nigeria","5312","Area harvested","0118","Millet","2008","2008","ha","4904000","A","Official figure",""
"QCL","Crops and livestock products","566","Nigeria","5412","Yield","0118","Millet","2008","2008","kg/ha","1848.3","A","Official figure",""
"QCL","Crops and livestock products","566","Nigeria","5510","Production","0118","Millet","2008","2008","t","9064000","A","Official figure",""
"QCL","Crops and livestock products","566","Nigeria","5312","Area harvested","0118","Millet","2009","2009","ha","3787730","A","Official figure",""
"QCL","Crops and livestock products","566","Nigeria","5412","Yield","0118","Millet","2009","2009","kg/ha","1301.6","A","Official figure",""
"QCL","Crops and livestock products","566","Nigeria","5510","Production","0118","Millet","2009","2009","t","4929950","A","Official figure",""
"QCL","Crops and livestock products","566","Nigeria","5312","Area harvested","0118","Millet","2010","2010","ha","4364140","A","Official figure",""
"QCL","Crops and livestock products","566","Nigeria","5412","Yield","0118","Millet","2010","2010","kg/ha","1184.8","A","Official figure",""
"QCL","Crops and livestock products","566","Nigeria","5510","Production","0118","Millet","2010","2010","t","5170430","A","Official figure",""
"QCL","Crops and livestock products","566","Nigeria","5312","Area harvested","0118","Millet","2011","2011","ha","2827090","A","Official figure",""
"QCL","Crops and livestock products","566","Nigeria","5412","Yield","0118","Millet","2011","2011","kg/ha","449.7","A","Official figure",""
"QCL","Crops and livestock products","566","Nigeria","5510","Production","0118","Millet","2011","2011","t","1271370","A","Official figure",""
"QCL","Crops and livestock products","566","Nigeria","5312","Area harvested","0118","Millet","2012","2012","ha","1328200","A","Official figure",""
"QCL","Crops and livestock products","566","Nigeria","5412","Yield","0118","Millet","2012","2012","kg/ha","964.2","A","Official figure",""
"QCL","Crops and livestock products","566","Nigeria","5510","Production","0118","Millet","2012","2012","t","1280700","A","Official figure",""
"QCL","Crops and livestock products","566","Nigeria","5312","Area harvested","0118","Millet","2013","2013","ha","1485200","A","Official figure",""
"QCL","Crops and livestock products","566","Nigeria","5412","Yield","0118","Millet","2013","2013","kg/ha","612.4","A","Official figure",""
"QCL","Crops and livestock products","566","Nigeria","5510","Production","0118","Millet","2013","2013","t","909560","A","Official figure",""
"QCL","Crops and livestock products","566","Nigeria","5312","Area harvested","0118","Millet","2014","2014","ha","1574400","A","Official figure",""
"QCL","Crops and livestock products","566","Nigeria","5412","Yield","0118","Millet","2014","2014","kg/ha","1172.6","A","Official figure",""
"QCL","Crops and livestock products","566","Nigeria","5510","Production","0118","Millet","2014","2014","t","1846200","A","Official figure",""
"QCL","Crops and livestock products","566","Nigeria","5312","Area harvested","0118","Millet","2015","2015","ha","1742803","A","Official figure",""
"QCL","Crops and livestock products","566","Nigeria","5412","Yield","0118","Millet","2015","2015","kg/ha","1037.3","A","Official figure",""
"QCL","Crops and livestock products","566","Nigeria","5510","Production","0118","Millet","2015","2015","t","1807810","A","Official figure",""
"QCL","Crops and livestock products","566","Nigeria","5312","Area harvested","0118","Millet","2016","2016","ha","1737830","A","Official figure",""
"QCL","Crops and livestock products","566","Nigeria","5412","Yield","0118","Millet","2016","2016","kg/ha","855.8","A","Official figure",""
"QCL","Crops and livestock products","566","Nigeria","5510","Production","0118","Millet","2016","2016","t","1487220","A","Official figure",""
"QCL","Crops and livestock products","566","Nigeria","5312","Area harvested","0118","Millet","2017","2017","ha","1800069","A","Official figure",""
"QCL","Crops and livestock products","566","Nigeria","5412","Yield","0118","Millet","2017","2017","kg/ha","849","A","Official figure",""
"QCL","Crops and livestock products","566","Nigeria","5510","Production","0118","Millet","2017","2017","t","1528250","A","Official figure",""
"QCL","Crops and livestock products","566","Nigeria","5312","Area harvested","0118","Millet","2018","2018","ha","1734330","A","Official figure",""
"QCL","Crops and livestock products","566","Nigeria","5412","Yield","0118","Millet","2018","2018","kg/ha","1083.6","A","Official figure",""
"QCL","Crops and livestock products","566","Nigeria","5510","Production","0118","Millet","2018","2018","t","1879340","A","Official figure",""
"QCL","Crops and livestock products","566","Nigeria","5312","Area harvested","0118","Millet","2019","2019","ha","1747800","A","Official figure",""
"QCL","Crops and livestock products","566","Nigeria","5412","Yield","0118","Millet","2019","2019","kg/ha","1101.4","A","Official figure",""
"QCL","Crops and livestock products","566","Nigeria","5510","Production","0118","Millet","2019","2019","t","1925075","A","Official figure",""
"QCL","Crops and livestock products","566","Nigeria","5312","Area harvested","0118","Millet","2020","2020","ha","1762280","A","Official figure",""
"QCL","Crops and livestock products","566","Nigeria","5412","Yield","0118","Millet","2020","2020","kg/ha","1081.2","A","Official figure",""
"QCL","Crops and livestock products","566","Nigeria","5510","Production","0118","Millet","2020","2020","t","1905430","A","Official figure",""
"QCL","Crops and livestock products","566","Nigeria","5312","Area harvested","0118","Millet","2021","2021","ha","1767390","A","Official figure",""
"QCL","Crops and livestock products","566","Nigeria","5412","Yield","0118","Millet","2021","2021","kg/ha","1090.3","A","Official figure",""
"QCL","Crops and livestock products","566","Nigeria","5510","Production","0118","Millet","2021","2021","t","1926950","A","Official figure",""
"QCL","Crops and livestock products","566","Nigeria","5312","Area harvested","0118","Millet","2022","2022","ha","2000000","X","Figure from external organization","Unofficial figure"
"QCL","Crops and livestock products","566","Nigeria","5412","Yield","0118","Millet","2022","2022","kg/ha","970.6","X","Figure from external organization",""
"QCL","Crops and livestock products","566","Nigeria","5510","Production","0118","Millet","2022","2022","t","1941220","X","Figure from external organization","Unofficial figure"
"QCL","Crops and livestock products","566","Nigeria","5312","Area harvested","0118","Millet","2023","2023","ha","2000000","X","Figure from external organization","Unofficial figure"
"QCL","Crops and livestock products","566","Nigeria","5412","Yield","0118","Millet","2023","2023","kg/ha","779.5","X","Figure from external organization",""
"QCL","Crops and livestock products","566","Nigeria","5510","Production","0118","Millet","2023","2023","t","1559000","X","Figure from external organization","Unofficial figure"
"QCL","Crops and livestock products","566","Nigeria","5312","Area harvested","0118","Millet","2024","2024","ha","1900000","X","Figure from external organization","Unofficial figure"
"QCL","Crops and livestock products","566","Nigeria","5412","Yield","0118","Millet","2024","2024","kg/ha","815.8","X","Figure from external organization",""
"QCL","Crops and livestock products","566","Nigeria","5510","Production","0118","Millet","2024","2024","t","1550000","X","Figure from external organization","Unofficial figure"
"QCL","Crops and livestock products","566","Nigeria","5312","Area harvested","01950.01","Natural rubber in primary forms","2000","2000","ha","330000","A","Official figure",""
"QCL","Crops and livestock products","566","Nigeria","5412","Yield","01950.01","Natural rubber in primary forms","2000","2000","kg/ha","324.2","A","Official figure",""
"QCL","Crops and livestock products","566","Nigeria","5510","Production","01950.01","Natural rubber in primary forms","2000","2000","t","107000","A","Official figure",""
"QCL","Crops and livestock products","566","Nigeria","5312","Area harvested","01950.01","Natural rubber in primary forms","2001","2001","ha","333000","A","Official figure",""
"QCL","Crops and livestock products","566","Nigeria","5412","Yield","01950.01","Natural rubber in primary forms","2001","2001","kg/ha","324.3","A","Official figure",""
"QCL","Crops and livestock products","566","Nigeria","5510","Production","01950.01","Natural rubber in primary forms","2001","2001","t","108000","A","Official figure",""
"QCL","Crops and livestock products","566","Nigeria","5312","Area harvested","01950.01","Natural rubber in primary forms","2002","2002","ha","339000","A","Official figure",""
"QCL","Crops and livestock products","566","Nigeria","5412","Yield","01950.01","Natural rubber in primary forms","2002","2002","kg/ha","330.4","A","Official figure",""
"QCL","Crops and livestock products","566","Nigeria","5510","Production","01950.01","Natural rubber in primary forms","2002","2002","t","112000","A","Official figure",""
"QCL","Crops and livestock products","566","Nigeria","5312","Area harvested","01950.01","Natural rubber in primary forms","2003","2003","ha","339000","A","Official figure",""
"QCL","Crops and livestock products","566","Nigeria","5412","Yield","01950.01","Natural rubber in primary forms","2003","2003","kg/ha","418.9","A","Official figure",""
"QCL","Crops and livestock products","566","Nigeria","5510","Production","01950.01","Natural rubber in primary forms","2003","2003","t","142000","A","Official figure",""
"QCL","Crops and livestock products","566","Nigeria","5312","Area harvested","01950.01","Natural rubber in primary forms","2004","2004","ha","339000","A","Official figure",""
"QCL","Crops and livestock products","566","Nigeria","5412","Yield","01950.01","Natural rubber in primary forms","2004","2004","kg/ha","418.9","A","Official figure",""
"QCL","Crops and livestock products","566","Nigeria","5510","Production","01950.01","Natural rubber in primary forms","2004","2004","t","142000","A","Official figure",""
"QCL","Crops and livestock products","566","Nigeria","5312","Area harvested","01950.01","Natural rubber in primary forms","2005","2005","ha","359939","I","Value imputed by a receiving agency",""
"QCL","Crops and livestock products","566","Nigeria","5412","Yield","01950.01","Natural rubber in primary forms","2005","2005","kg/ha","379","E","Estimated value",""
"QCL","Crops and livestock products","566","Nigeria","5510","Production","01950.01","Natural rubber in primary forms","2005","2005","t","136429.01","I","Value imputed by a receiving agency",""
"QCL","Crops and livestock products","566","Nigeria","5312","Area harvested","01950.01","Natural rubber in primary forms","2006","2006","ha","364709","I","Value imputed by a receiving agency",""
"QCL","Crops and livestock products","566","Nigeria","5412","Yield","01950.01","Natural rubber in primary forms","2006","2006","kg/ha","366.2","E","Estimated value",""
"QCL","Crops and livestock products","566","Nigeria","5510","Production","01950.01","Natural rubber in primary forms","2006","2006","t","133541.14","I","Value imputed by a receiving agency",""
"QCL","Crops and livestock products","566","Nigeria","5312","Area harvested","01950.01","Natural rubber in primary forms","2007","2007","ha","351579","I","Value imputed by a receiving agency",""
"QCL","Crops and livestock products","566","Nigeria","5412","Yield","01950.01","Natural rubber in primary forms","2007","2007","kg/ha","370.9","E","Estimated value",""
"QCL","Crops and livestock products","566","Nigeria","5510","Production","01950.01","Natural rubber in primary forms","2007","2007","t","130410.82","I","Value imputed by a receiving agency",""
"QCL","Crops and livestock products","566","Nigeria","5312","Area harvested","01950.01","Natural rubber in primary forms","2008","2008","ha","275867","I","Value imputed by a receiving agency",""
"QCL","Crops and livestock products","566","Nigeria","5412","Yield","01950.01","Natural rubber in primary forms","2008","2008","kg/ha","372.1","E","Estimated value",""
"QCL","Crops and livestock products","566","Nigeria","5510","Production","01950.01","Natural rubber in primary forms","2008","2008","t","102638.17","I","Value imputed by a receiving agency",""
"QCL","Crops and livestock products","566","Nigeria","5312","Area harvested","01950.01","Natural rubber in primary forms","2009","2009","ha","252748","I","Value imputed by a receiving agency",""
"QCL","Crops and livestock products","566","Nigeria","5412","Yield","01950.01","Natural rubber in primary forms","2009","2009","kg/ha","373.2","E","Estimated value",""
"QCL","Crops and livestock products","566","Nigeria","5510","Production","01950.01","Natural rubber in primary forms","2009","2009","t","94321.59","I","Value imputed by a receiving agency",""
"QCL","Crops and livestock products","566","Nigeria","5312","Area harvested","01950.01","Natural rubber in primary forms","2010","2010","ha","213295","I","Value imputed by a receiving agency",""
"QCL","Crops and livestock products","566","Nigeria","5412","Yield","01950.01","Natural rubber in primary forms","2010","2010","kg/ha","374.3","E","Estimated value",""
"QCL","Crops and livestock products","566","Nigeria","5510","Production","01950.01","Natural rubber in primary forms","2010","2010","t","79838.84","I","Value imputed by a receiving agency",""
"QCL","Crops and livestock products","566","Nigeria","5312","Area harvested","01950.01","Natural rubber in primary forms","2011","2011","ha","194897","I","Value imputed by a receiving agency",""
"QCL","Crops and livestock products","566","Nigeria","5412","Yield","01950.01","Natural rubber in primary forms","2011","2011","kg/ha","375.4","E","Estimated value",""
"QCL","Crops and livestock products","566","Nigeria","5510","Production","01950.01","Natural rubber in primary forms","2011","2011","t","73172.28","I","Value imputed by a receiving agency",""
"QCL","Crops and livestock products","566","Nigeria","5312","Area harvested","01950.01","Natural rubber in primary forms","2012","2012","ha","176924","I","Value imputed by a receiving agency",""
"QCL","Crops and livestock products","566","Nigeria","5412","Yield","01950.01","Natural rubber in primary forms","2012","2012","kg/ha","376.6","E","Estimated value",""
"QCL","Crops and livestock products","566","Nigeria","5510","Production","01950.01","Natural rubber in primary forms","2012","2012","t","66623.9","I","Value imputed by a receiving agency",""
"QCL","Crops and livestock products","566","Nigeria","5312","Area harvested","01950.01","Natural rubber in primary forms","2013","2013","ha","150915","I","Value imputed by a receiving agency",""
"QCL","Crops and livestock products","566","Nigeria","5412","Yield","01950.01","Natural rubber in primary forms","2013","2013","kg/ha","377.7","E","Estimated value",""
"QCL","Crops and livestock products","566","Nigeria","5510","Production","01950.01","Natural rubber in primary forms","2013","2013","t","57000","X","Figure from external organization","Unofficial figure"
"QCL","Crops and livestock products","566","Nigeria","5312","Area harvested","01950.01","Natural rubber in primary forms","2014","2014","ha","137531","I","Value imputed by a receiving agency",""
"QCL","Crops and livestock products","566","Nigeria","5412","Yield","01950.01","Natural rubber in primary forms","2014","2014","kg/ha","378.8","E","Estimated value",""
"QCL","Crops and livestock products","566","Nigeria","5510","Production","01950.01","Natural rubber in primary forms","2014","2014","t","52100","X","Figure from external organization","Unofficial figure"
"QCL","Crops and livestock products","566","Nigeria","5312","Area harvested","01950.01","Natural rubber in primary forms","2015","2015","ha","133701","I","Value imputed by a receiving agency",""
"QCL","Crops and livestock products","566","Nigeria","5412","Yield","01950.01","Natural rubber in primary forms","2015","2015","kg/ha","380","E","Estimated value",""
"QCL","Crops and livestock products","566","Nigeria","5510","Production","01950.01","Natural rubber in primary forms","2015","2015","t","50800","X","Figure from external organization","Unofficial figure"
"QCL","Crops and livestock products","566","Nigeria","5312","Area harvested","01950.01","Natural rubber in primary forms","2016","2016","ha","136454","I","Value imputed by a receiving agency",""
"QCL","Crops and livestock products","566","Nigeria","5412","Yield","01950.01","Natural rubber in primary forms","2016","2016","kg/ha","381.1","E","Estimated value",""
"QCL","Crops and livestock products","566","Nigeria","5510","Production","01950.01","Natural rubber in primary forms","2016","2016","t","52000","X","Figure from external organization","Unofficial figure"
"QCL","Crops and livestock products","566","Nigeria","5312","Area harvested","01950.01","Natural rubber in primary forms","2017","2017","ha","138668","I","Value imputed by a receiving agency",""
"QCL","Crops and livestock products","566","Nigeria","5412","Yield","01950.01","Natural rubber in primary forms","2017","2017","kg/ha","382.2","E","Estimated value",""
"QCL","Crops and livestock products","566","Nigeria","5510","Production","01950.01","Natural rubber in primary forms","2017","2017","t","53000","X","Figure from external organization","Unofficial figure"
"QCL","Crops and livestock products","566","Nigeria","5312","Area harvested","01950.01","Natural rubber in primary forms","2018","2018","ha","146608","I","Value imputed by a receiving agency",""
"QCL","Crops and livestock products","566","Nigeria","5412","Yield","01950.01","Natural rubber in primary forms","2018","2018","kg/ha","383.3","E","Estimated value",""
"QCL","Crops and livestock products","566","Nigeria","5510","Production","01950.01","Natural rubber in primary forms","2018","2018","t","56200","X","Figure from external organization","Unofficial figure"
"QCL","Crops and livestock products","566","Nigeria","5312","Area harvested","01950.01","Natural rubber in primary forms","2019","2019","ha","149555","I","Value imputed by a receiving agency",""
"QCL","Crops and livestock products","566","Nigeria","5412","Yield","01950.01","Natural rubber in primary forms","2019","2019","kg/ha","376.4","E","Estimated value",""
"QCL","Crops and livestock products","566","Nigeria","5510","Production","01950.01","Natural rubber in primary forms","2019","2019","t","56300","X","Figure from external organization","Unofficial figure"
"QCL","Crops and livestock products","566","Nigeria","5312","Area harvested","01950.01","Natural rubber in primary forms","2020","2020","ha","138413","I","Value imputed by a receiving agency",""
"QCL","Crops and livestock products","566","Nigeria","5412","Yield","01950.01","Natural rubber in primary forms","2020","2020","kg/ha","370.6","E","Estimated value",""
"QCL","Crops and livestock products","566","Nigeria","5510","Production","01950.01","Natural rubber in primary forms","2020","2020","t","51300","X","Figure from external organization","Unofficial figure"
"QCL","Crops and livestock products","566","Nigeria","5312","Area harvested","01950.01","Natural rubber in primary forms","2021","2021","ha","153115","I","Value imputed by a receiving agency",""
"QCL","Crops and livestock products","566","Nigeria","5412","Yield","01950.01","Natural rubber in primary forms","2021","2021","kg/ha","373.6","E","Estimated value",""
"QCL","Crops and livestock products","566","Nigeria","5510","Production","01950.01","Natural rubber in primary forms","2021","2021","t","57200","X","Figure from external organization","Unofficial figure"
"QCL","Crops and livestock products","566","Nigeria","5312","Area harvested","01950.01","Natural rubber in primary forms","2022","2022","ha","154358","I","Value imputed by a receiving agency",""
"QCL","Crops and livestock products","566","Nigeria","5412","Yield","01950.01","Natural rubber in primary forms","2022","2022","kg/ha","378.3","E","Estimated value",""
"QCL","Crops and livestock products","566","Nigeria","5510","Production","01950.01","Natural rubber in primary forms","2022","2022","t","58400","X","Figure from external organization","Unofficial figure"
"QCL","Crops and livestock products","566","Nigeria","5312","Area harvested","01950.01","Natural rubber in primary forms","2023","2023","ha","164301","I","Value imputed by a receiving agency",""
"QCL","Crops and livestock products","566","Nigeria","5412","Yield","01950.01","Natural rubber in primary forms","2023","2023","kg/ha","378.6","E","Estimated value",""
"QCL","Crops and livestock products","566","Nigeria","5510","Production","01950.01","Natural rubber in primary forms","2023","2023","t","62200","X","Figure from external organization","Unofficial figure"
"QCL","Crops and livestock products","566","Nigeria","5312","Area harvested","01950.01","Natural rubber in primary forms","2024","2024","ha","172383","I","Value imputed by a receiving agency",""
"QCL","Crops and livestock products","566","Nigeria","5412","Yield","01950.01","Natural rubber in primary forms","2024","2024","kg/ha","378.8","E","Estimated value",""
"QCL","Crops and livestock products","566","Nigeria","5510","Production","01950.01","Natural rubber in primary forms","2024","2024","t","65300","X","Figure from external organization","Unofficial figure"
"QCL","Crops and livestock products","566","Nigeria","5312","Area harvested","01491.01","Oil palm fruit","2000","2000","ha","3080000","E","Estimated value",""
"QCL","Crops and livestock products","566","Nigeria","5412","Yield","01491.01","Oil palm fruit","2000","2000","kg/ha","2668.8","E","Estimated value",""
"QCL","Crops and livestock products","566","Nigeria","5510","Production","01491.01","Oil palm fruit","2000","2000","t","8220000","E","Estimated value",""
"QCL","Crops and livestock products","566","Nigeria","5312","Area harvested","01491.01","Oil palm fruit","2001","2001","ha","3180000","E","Estimated value",""
"QCL","Crops and livestock products","566","Nigeria","5412","Yield","01491.01","Oil palm fruit","2001","2001","kg/ha","2673","E","Estimated value",""
"QCL","Crops and livestock products","566","Nigeria","5510","Production","01491.01","Oil palm fruit","2001","2001","t","8500000","E","Estimated value",""
"QCL","Crops and livestock products","566","Nigeria","5312","Area harvested","01491.01","Oil palm fruit","2002","2002","ha","3180000","E","Estimated value",""
"QCL","Crops and livestock products","566","Nigeria","5412","Yield","01491.01","Oil palm fruit","2002","2002","kg/ha","2673","E","Estimated value",""
"QCL","Crops and livestock products","566","Nigeria","5510","Production","01491.01","Oil palm fruit","2002","2002","t","8500000","E","Estimated value",""
"QCL","Crops and livestock products","566","Nigeria","5312","Area harvested","01491.01","Oil palm fruit","2003","2003","ha","3300000","E","Estimated value",""
"QCL","Crops and livestock products","566","Nigeria","5412","Yield","01491.01","Oil palm fruit","2003","2003","kg/ha","2615.8","E","Estimated value",""
"QCL","Crops and livestock products","566","Nigeria","5510","Production","01491.01","Oil palm fruit","2003","2003","t","8632000","E","Estimated value",""
"QCL","Crops and livestock products","566","Nigeria","5312","Area harvested","01491.01","Oil palm fruit","2004","2004","ha","3320000","E","Estimated value",""
"QCL","Crops and livestock products","566","Nigeria","5412","Yield","01491.01","Oil palm fruit","2004","2004","kg/ha","2620.5","E","Estimated value",""
"QCL","Crops and livestock products","566","Nigeria","5510","Production","01491.01","Oil palm fruit","2004","2004","t","8700000","E","Estimated value",""
"QCL","Crops and livestock products","566","Nigeria","5312","Area harvested","01491.01","Oil palm fruit","2005","2005","ha","3350000","E","Estimated value",""
"QCL","Crops and livestock products","566","Nigeria","5412","Yield","01491.01","Oil palm fruit","2005","2005","kg/ha","2537.3","E","Estimated value",""
"QCL","Crops and livestock products","566","Nigeria","5510","Production","01491.01","Oil palm fruit","2005","2005","t","8500000","E","Estimated value",""
"QCL","Crops and livestock products","566","Nigeria","5312","Area harvested","01491.01","Oil palm fruit","2006","2006","ha","3075000","E","Estimated value",""
"QCL","Crops and livestock products","566","Nigeria","5412","Yield","01491.01","Oil palm fruit","2006","2006","kg/ha","2699.2","E","Estimated value",""
"QCL","Crops and livestock products","566","Nigeria","5510","Production","01491.01","Oil palm fruit","2006","2006","t","8300000","E","Estimated value",""
"QCL","Crops and livestock products","566","Nigeria","5312","Area harvested","01491.01","Oil palm fruit","2007","2007","ha","3150000","E","Estimated value",""
"QCL","Crops and livestock products","566","Nigeria","5412","Yield","01491.01","Oil palm fruit","2007","2007","kg/ha","2698.4","E","Estimated value",""
"QCL","Crops and livestock products","566","Nigeria","5510","Production","01491.01","Oil palm fruit","2007","2007","t","8500000","E","Estimated value",""
"QCL","Crops and livestock products","566","Nigeria","5312","Area harvested","01491.01","Oil palm fruit","2008","2008","ha","3200000","E","Estimated value",""
"QCL","Crops and livestock products","566","Nigeria","5412","Yield","01491.01","Oil palm fruit","2008","2008","kg/ha","2656.3","E","Estimated value",""
"QCL","Crops and livestock products","566","Nigeria","5510","Production","01491.01","Oil palm fruit","2008","2008","t","8500000","E","Estimated value",""
"QCL","Crops and livestock products","566","Nigeria","5312","Area harvested","01491.01","Oil palm fruit","2009","2009","ha","3200000","E","Estimated value",""
"QCL","Crops and livestock products","566","Nigeria","5412","Yield","01491.01","Oil palm fruit","2009","2009","kg/ha","2656.3","E","Estimated value",""
"QCL","Crops and livestock products","566","Nigeria","5510","Production","01491.01","Oil palm fruit","2009","2009","t","8500000","E","Estimated value",""
"QCL","Crops and livestock products","566","Nigeria","5312","Area harvested","01491.01","Oil palm fruit","2010","2010","ha","3200000","E","Estimated value",""
"QCL","Crops and livestock products","566","Nigeria","5412","Yield","01491.01","Oil palm fruit","2010","2010","kg/ha","2500","E","Estimated value",""
"QCL","Crops and livestock products","566","Nigeria","5510","Production","01491.01","Oil palm fruit","2010","2010","t","8000000","E","Estimated value",""
"QCL","Crops and livestock products","566","Nigeria","5312","Area harvested","01491.01","Oil palm fruit","2011","2011","ha","3200000","E","Estimated value",""
"QCL","Crops and livestock products","566","Nigeria","5412","Yield","01491.01","Oil palm fruit","2011","2011","kg/ha","2500","E","Estimated value",""
"QCL","Crops and livestock products","566","Nigeria","5510","Production","01491.01","Oil palm fruit","2011","2011","t","8000000","E","Estimated value",""
"QCL","Crops and livestock products","566","Nigeria","5312","Area harvested","01491.01","Oil palm fruit","2012","2012","ha","3250000","E","Estimated value",""
"QCL","Crops and livestock products","566","Nigeria","5412","Yield","01491.01","Oil palm fruit","2012","2012","kg/ha","2492.3","E","Estimated value",""
"QCL","Crops and livestock products","566","Nigeria","5510","Production","01491.01","Oil palm fruit","2012","2012","t","8100000","E","Estimated value",""
"QCL","Crops and livestock products","566","Nigeria","5312","Area harvested","01491.01","Oil palm fruit","2013","2013","ha","3000000","E","Estimated value",""
"QCL","Crops and livestock products","566","Nigeria","5412","Yield","01491.01","Oil palm fruit","2013","2013","kg/ha","2666.7","E","Estimated value",""
"QCL","Crops and livestock products","566","Nigeria","5510","Production","01491.01","Oil palm fruit","2013","2013","t","8000000","E","Estimated value",""
"QCL","Crops and livestock products","566","Nigeria","5312","Area harvested","01491.01","Oil palm fruit","2014","2014","ha","3114347","I","Value imputed by a receiving agency",""
"QCL","Crops and livestock products","566","Nigeria","5412","Yield","01491.01","Oil palm fruit","2014","2014","kg/ha","2633","E","Estimated value",""
"QCL","Crops and livestock products","566","Nigeria","5510","Production","01491.01","Oil palm fruit","2014","2014","t","8200000","E","Estimated value",""
"QCL","Crops and livestock products","566","Nigeria","5312","Area harvested","01491.01","Oil palm fruit","2015","2015","ha","3229848","I","Value imputed by a receiving agency",""
"QCL","Crops and livestock products","566","Nigeria","5412","Yield","01491.01","Oil palm fruit","2015","2015","kg/ha","2569.8","E","Estimated value",""
"QCL","Crops and livestock products","566","Nigeria","5510","Production","01491.01","Oil palm fruit","2015","2015","t","8300000","E","Estimated value",""
"QCL","Crops and livestock products","566","Nigeria","5312","Area harvested","01491.01","Oil palm fruit","2016","2016","ha","3312313","I","Value imputed by a receiving agency",""
"QCL","Crops and livestock products","566","Nigeria","5412","Yield","01491.01","Oil palm fruit","2016","2016","kg/ha","2566.2","E","Estimated value",""
"QCL","Crops and livestock products","566","Nigeria","5510","Production","01491.01","Oil palm fruit","2016","2016","t","8500000","E","Estimated value",""
"QCL","Crops and livestock products","566","Nigeria","5312","Area harvested","01491.01","Oil palm fruit","2017","2017","ha","3545307","I","Value imputed by a receiving agency",""
"QCL","Crops and livestock products","566","Nigeria","5412","Yield","01491.01","Oil palm fruit","2017","2017","kg/ha","2566.8","E","Estimated value",""
"QCL","Crops and livestock products","566","Nigeria","5510","Production","01491.01","Oil palm fruit","2017","2017","t","9100000","E","Estimated value",""
"QCL","Crops and livestock products","566","Nigeria","5312","Area harvested","01491.01","Oil palm fruit","2018","2018","ha","3735292","I","Value imputed by a receiving agency",""
"QCL","Crops and livestock products","566","Nigeria","5412","Yield","01491.01","Oil palm fruit","2018","2018","kg/ha","2570.1","E","Estimated value",""
"QCL","Crops and livestock products","566","Nigeria","5510","Production","01491.01","Oil palm fruit","2018","2018","t","9600000","E","Estimated value",""
"QCL","Crops and livestock products","566","Nigeria","5312","Area harvested","01491.01","Oil palm fruit","2019","2019","ha","3809946","I","Value imputed by a receiving agency",""
"QCL","Crops and livestock products","566","Nigeria","5412","Yield","01491.01","Oil palm fruit","2019","2019","kg/ha","2569.8","E","Estimated value",""
"QCL","Crops and livestock products","566","Nigeria","5510","Production","01491.01","Oil palm fruit","2019","2019","t","9790903.37","I","Value imputed by a receiving agency",""
"QCL","Crops and livestock products","566","Nigeria","5312","Area harvested","01491.01","Oil palm fruit","2020","2020","ha","3894907","I","Value imputed by a receiving agency",""
"QCL","Crops and livestock products","566","Nigeria","5412","Yield","01491.01","Oil palm fruit","2020","2020","kg/ha","2567.5","E","Estimated value",""
"QCL","Crops and livestock products","566","Nigeria","5510","Production","01491.01","Oil palm fruit","2020","2020","t","10000000","E","Estimated value",""
"QCL","Crops and livestock products","566","Nigeria","5312","Area harvested","01491.01","Oil palm fruit","2021","2021","ha","4088238","I","Value imputed by a receiving agency",""
"QCL","Crops and livestock products","566","Nigeria","5412","Yield","01491.01","Oil palm fruit","2021","2021","kg/ha","2568.3","E","Estimated value",""
"QCL","Crops and livestock products","566","Nigeria","5510","Production","01491.01","Oil palm fruit","2021","2021","t","10500000","E","Estimated value",""
"QCL","Crops and livestock products","566","Nigeria","5312","Area harvested","01491.01","Oil palm fruit","2022","2022","ha","4320992","I","Value imputed by a receiving agency",""
"QCL","Crops and livestock products","566","Nigeria","5412","Yield","01491.01","Oil palm fruit","2022","2022","kg/ha","2568.9","E","Estimated value",""
"QCL","Crops and livestock products","566","Nigeria","5510","Production","01491.01","Oil palm fruit","2022","2022","t","11100000","E","Estimated value",""
"QCL","Crops and livestock products","566","Nigeria","5312","Area harvested","01491.01","Oil palm fruit","2023","2023","ha","4512131","I","Value imputed by a receiving agency",""
"QCL","Crops and livestock products","566","Nigeria","5412","Yield","01491.01","Oil palm fruit","2023","2023","kg/ha","2567.3","E","Estimated value",""
"QCL","Crops and livestock products","566","Nigeria","5510","Production","01491.01","Oil palm fruit","2023","2023","t","11583922.63","I","Value imputed by a receiving agency",""
"QCL","Crops and livestock products","566","Nigeria","5312","Area harvested","01491.01","Oil palm fruit","2024","2024","ha","4488839","I","Value imputed by a receiving agency",""
"QCL","Crops and livestock products","566","Nigeria","5412","Yield","01491.01","Oil palm fruit","2024","2024","kg/ha","2565.7","E","Estimated value",""
"QCL","Crops and livestock products","566","Nigeria","5510","Production","01491.01","Oil palm fruit","2024","2024","t","11517077.61","I","Value imputed by a receiving agency",""
"QCL","Crops and livestock products","566","Nigeria","5312","Area harvested","01239.01","Okra","2000","2000","ha","292135","I","Value imputed by a receiving agency",""
"QCL","Crops and livestock products","566","Nigeria","5412","Yield","01239.01","Okra","2000","2000","kg/ha","2571.9","E","Estimated value",""
"QCL","Crops and livestock products","566","Nigeria","5510","Production","01239.01","Okra","2000","2000","t","751342.22","I","Value imputed by a receiving agency",""
"QCL","Crops and livestock products","566","Nigeria","5312","Area harvested","01239.01","Okra","2001","2001","ha","298959","I","Value imputed by a receiving agency",""
"QCL","Crops and livestock products","566","Nigeria","5412","Yield","01239.01","Okra","2001","2001","kg/ha","2584.8","E","Estimated value",""
"QCL","Crops and livestock products","566","Nigeria","5510","Production","01239.01","Okra","2001","2001","t","772747.52","I","Value imputed by a receiving agency",""
"QCL","Crops and livestock products","566","Nigeria","5312","Area harvested","01239.01","Okra","2002","2002","ha","285000","E","Estimated value",""
"QCL","Crops and livestock products","566","Nigeria","5412","Yield","01239.01","Okra","2002","2002","kg/ha","2631.6","E","Estimated value",""
"QCL","Crops and livestock products","566","Nigeria","5510","Production","01239.01","Okra","2002","2002","t","750000","E","Estimated value",""
"QCL","Crops and livestock products","566","Nigeria","5312","Area harvested","01239.01","Okra","2003","2003","ha","300000","E","Estimated value",""
"QCL","Crops and livestock products","566","Nigeria","5412","Yield","01239.01","Okra","2003","2003","kg/ha","2700","E","Estimated value",""
"QCL","Crops and livestock products","566","Nigeria","5510","Production","01239.01","Okra","2003","2003","t","810000","E","Estimated value",""
"QCL","Crops and livestock products","566","Nigeria","5312","Area harvested","01239.01","Okra","2004","2004","ha","330000","E","Estimated value",""
"QCL","Crops and livestock products","566","Nigeria","5412","Yield","01239.01","Okra","2004","2004","kg/ha","2636.4","E","Estimated value",""
"QCL","Crops and livestock products","566","Nigeria","5510","Production","01239.01","Okra","2004","2004","t","870000","E","Estimated value",""
"QCL","Crops and livestock products","566","Nigeria","5312","Area harvested","01239.01","Okra","2005","2005","ha","350000","E","Estimated value",""
"QCL","Crops and livestock products","566","Nigeria","5412","Yield","01239.01","Okra","2005","2005","kg/ha","2714.3","E","Estimated value",""
"QCL","Crops and livestock products","566","Nigeria","5510","Production","01239.01","Okra","2005","2005","t","950000","E","Estimated value",""
"QCL","Crops and livestock products","566","Nigeria","5312","Area harvested","01239.01","Okra","2006","2006","ha","370000","E","Estimated value",""
"QCL","Crops and livestock products","566","Nigeria","5412","Yield","01239.01","Okra","2006","2006","kg/ha","2702.7","E","Estimated value",""
"QCL","Crops and livestock products","566","Nigeria","5510","Production","01239.01","Okra","2006","2006","t","1000000","E","Estimated value",""
"QCL","Crops and livestock products","566","Nigeria","5312","Area harvested","01239.01","Okra","2007","2007","ha","430000","E","Estimated value",""
"QCL","Crops and livestock products","566","Nigeria","5412","Yield","01239.01","Okra","2007","2007","kg/ha","2976.7","E","Estimated value",""
"QCL","Crops and livestock products","566","Nigeria","5510","Production","01239.01","Okra","2007","2007","t","1280000","A","Official figure",""
"QCL","Crops and livestock products","566","Nigeria","5312","Area harvested","01239.01","Okra","2008","2008","ha","387000","A","Official figure",""
"QCL","Crops and livestock products","566","Nigeria","5412","Yield","01239.01","Okra","2008","2008","kg/ha","2684.8","A","Official figure",""
"QCL","Crops and livestock products","566","Nigeria","5510","Production","01239.01","Okra","2008","2008","t","1039000","A","Official figure",""
"QCL","Crops and livestock products","566","Nigeria","5312","Area harvested","01239.01","Okra","2009","2009","ha","390000","E","Estimated value",""
"QCL","Crops and livestock products","566","Nigeria","5412","Yield","01239.01","Okra","2009","2009","kg/ha","2692.3","E","Estimated value",""
"QCL","Crops and livestock products","566","Nigeria","5510","Production","01239.01","Okra","2009","2009","t","1050000","E","Estimated value",""
"QCL","Crops and livestock products","566","Nigeria","5312","Area harvested","01239.01","Okra","2010","2010","ha","397290","A","Official figure",""
"QCL","Crops and livestock products","566","Nigeria","5412","Yield","01239.01","Okra","2010","2010","kg/ha","2727.5","A","Official figure",""
"QCL","Crops and livestock products","566","Nigeria","5510","Production","01239.01","Okra","2010","2010","t","1083620","A","Official figure",""
"QCL","Crops and livestock products","566","Nigeria","5312","Area harvested","01239.01","Okra","2011","2011","ha","965680","A","Official figure",""
"QCL","Crops and livestock products","566","Nigeria","5412","Yield","01239.01","Okra","2011","2011","kg/ha","873.5","A","Official figure",""
"QCL","Crops and livestock products","566","Nigeria","5510","Production","01239.01","Okra","2011","2011","t","843500","A","Official figure",""
"QCL","Crops and livestock products","566","Nigeria","5312","Area harvested","01239.01","Okra","2012","2012","ha","1060200","A","Official figure",""
"QCL","Crops and livestock products","566","Nigeria","5412","Yield","01239.01","Okra","2012","2012","kg/ha","1885.7","A","Official figure",""
"QCL","Crops and livestock products","566","Nigeria","5510","Production","01239.01","Okra","2012","2012","t","1999200","A","Official figure",""
"QCL","Crops and livestock products","566","Nigeria","5312","Area harvested","01239.01","Okra","2013","2013","ha","1089800","A","Official figure",""
"QCL","Crops and livestock products","566","Nigeria","5412","Yield","01239.01","Okra","2013","2013","kg/ha","1730.8","A","Official figure",""
"QCL","Crops and livestock products","566","Nigeria","5510","Production","01239.01","Okra","2013","2013","t","1886200","A","Official figure",""
"QCL","Crops and livestock products","566","Nigeria","5312","Area harvested","01239.01","Okra","2014","2014","ha","1095400","A","Official figure",""
"QCL","Crops and livestock products","566","Nigeria","5412","Yield","01239.01","Okra","2014","2014","kg/ha","1861.9","A","Official figure",""
"QCL","Crops and livestock products","566","Nigeria","5510","Production","01239.01","Okra","2014","2014","t","2039500","A","Official figure",""
"QCL","Crops and livestock products","566","Nigeria","5312","Area harvested","01239.01","Okra","2015","2015","ha","1859900","A","Official figure",""
"QCL","Crops and livestock products","566","Nigeria","5412","Yield","01239.01","Okra","2015","2015","kg/ha","1111.8","A","Official figure",""
"QCL","Crops and livestock products","566","Nigeria","5510","Production","01239.01","Okra","2015","2015","t","2067900","A","Official figure",""
"QCL","Crops and livestock products","566","Nigeria","5312","Area harvested","01239.01","Okra","2016","2016","ha","1338600","A","Official figure",""
"QCL","Crops and livestock products","566","Nigeria","5412","Yield","01239.01","Okra","2016","2016","kg/ha","1091.9","A","Official figure",""
"QCL","Crops and livestock products","566","Nigeria","5510","Production","01239.01","Okra","2016","2016","t","1461600","A","Official figure",""
"QCL","Crops and livestock products","566","Nigeria","5312","Area harvested","01239.01","Okra","2017","2017","ha","1301600","A","Official figure",""
"QCL","Crops and livestock products","566","Nigeria","5412","Yield","01239.01","Okra","2017","2017","kg/ha","1200","A","Official figure",""
"QCL","Crops and livestock products","566","Nigeria","5510","Production","01239.01","Okra","2017","2017","t","1561900","A","Official figure",""
"QCL","Crops and livestock products","566","Nigeria","5312","Area harvested","01239.01","Okra","2018","2018","ha","1395130","A","Official figure",""
"QCL","Crops and livestock products","566","Nigeria","5412","Yield","01239.01","Okra","2018","2018","kg/ha","1205.7","A","Official figure",""
"QCL","Crops and livestock products","566","Nigeria","5510","Production","01239.01","Okra","2018","2018","t","1682120","A","Official figure",""
"QCL","Crops and livestock products","566","Nigeria","5312","Area harvested","01239.01","Okra","2019","2019","ha","1430860","A","Official figure",""
"QCL","Crops and livestock products","566","Nigeria","5412","Yield","01239.01","Okra","2019","2019","kg/ha","1200.8","A","Official figure",""
"QCL","Crops and livestock products","566","Nigeria","5510","Production","01239.01","Okra","2019","2019","t","1718170","A","Official figure",""
"QCL","Crops and livestock products","566","Nigeria","5312","Area harvested","01239.01","Okra","2020","2020","ha","1473150","A","Official figure",""
"QCL","Crops and livestock products","566","Nigeria","5412","Yield","01239.01","Okra","2020","2020","kg/ha","1193.5","A","Official figure",""
"QCL","Crops and livestock products","566","Nigeria","5510","Production","01239.01","Okra","2020","2020","t","1758180","A","Official figure",""
"QCL","Crops and livestock products","566","Nigeria","5312","Area harvested","01239.01","Okra","2021","2021","ha","1567439","A","Official figure",""
"QCL","Crops and livestock products","566","Nigeria","5412","Yield","01239.01","Okra","2021","2021","kg/ha","1150.3","A","Official figure",""
"QCL","Crops and livestock products","566","Nigeria","5510","Production","01239.01","Okra","2021","2021","t","1803030","A","Official figure",""
"QCL","Crops and livestock products","566","Nigeria","5312","Area harvested","01239.01","Okra","2022","2022","ha","1789729","I","Value imputed by a receiving agency",""
"QCL","Crops and livestock products","566","Nigeria","5412","Yield","01239.01","Okra","2022","2022","kg/ha","1037.2","E","Estimated value",""
"QCL","Crops and livestock products","566","Nigeria","5510","Production","01239.01","Okra","2022","2022","t","1856327.98","I","Value imputed by a receiving agency",""
"QCL","Crops and livestock products","566","Nigeria","5312","Area harvested","01239.01","Okra","2023","2023","ha","1987084","I","Value imputed by a receiving agency",""
"QCL","Crops and livestock products","566","Nigeria","5412","Yield","01239.01","Okra","2023","2023","kg/ha","939.4","E","Estimated value",""
"QCL","Crops and livestock products","566","Nigeria","5510","Production","01239.01","Okra","2023","2023","t","1866665.51","I","Value imputed by a receiving agency",""
"QCL","Crops and livestock products","566","Nigeria","5312","Area harvested","01239.01","Okra","2024","2024","ha","2094633","I","Value imputed by a receiving agency",""
"QCL","Crops and livestock products","566","Nigeria","5412","Yield","01239.01","Okra","2024","2024","kg/ha","862.8","E","Estimated value",""
"QCL","Crops and livestock products","566","Nigeria","5510","Production","01239.01","Okra","2024","2024","t","1807284.29","I","Value imputed by a receiving agency",""
"QCL","Crops and livestock products","566","Nigeria","5312","Area harvested","01253.02","Onions and shallots, dry (excluding dehydrated)","2000","2000","ha","301374","I","Value imputed by a receiving agency",""
"QCL","Crops and livestock products","566","Nigeria","5412","Yield","01253.02","Onions and shallots, dry (excluding dehydrated)","2000","2000","kg/ha","1967.7","E","Estimated value",""
"QCL","Crops and livestock products","566","Nigeria","5510","Production","01253.02","Onions and shallots, dry (excluding dehydrated)","2000","2000","t","593008","A","Official figure",""
"QCL","Crops and livestock products","566","Nigeria","5312","Area harvested","01253.02","Onions and shallots, dry (excluding dehydrated)","2001","2001","ha","314089","I","Value imputed by a receiving agency",""
"QCL","Crops and livestock products","566","Nigeria","5412","Yield","01253.02","Onions and shallots, dry (excluding dehydrated)","2001","2001","kg/ha","1965","E","Estimated value",""
"QCL","Crops and livestock products","566","Nigeria","5510","Production","01253.02","Onions and shallots, dry (excluding dehydrated)","2001","2001","t","617178","A","Official figure",""
"QCL","Crops and livestock products","566","Nigeria","5312","Area harvested","01253.02","Onions and shallots, dry (excluding dehydrated)","2002","2002","ha","322442","I","Value imputed by a receiving agency",""
"QCL","Crops and livestock products","566","Nigeria","5412","Yield","01253.02","Onions and shallots, dry (excluding dehydrated)","2002","2002","kg/ha","1962.3","E","Estimated value",""
"QCL","Crops and livestock products","566","Nigeria","5510","Production","01253.02","Onions and shallots, dry (excluding dehydrated)","2002","2002","t","632741","A","Official figure",""
"QCL","Crops and livestock products","566","Nigeria","5312","Area harvested","01253.02","Onions and shallots, dry (excluding dehydrated)","2003","2003","ha","336100","I","Value imputed by a receiving agency",""
"QCL","Crops and livestock products","566","Nigeria","5412","Yield","01253.02","Onions and shallots, dry (excluding dehydrated)","2003","2003","kg/ha","1959.7","E","Estimated value",""
"QCL","Crops and livestock products","566","Nigeria","5510","Production","01253.02","Onions and shallots, dry (excluding dehydrated)","2003","2003","t","658657","A","Official figure",""
"QCL","Crops and livestock products","566","Nigeria","5312","Area harvested","01253.02","Onions and shallots, dry (excluding dehydrated)","2004","2004","ha","586128","I","Value imputed by a receiving agency",""
"QCL","Crops and livestock products","566","Nigeria","5412","Yield","01253.02","Onions and shallots, dry (excluding dehydrated)","2004","2004","kg/ha","1957.1","E","Estimated value",""
"QCL","Crops and livestock products","566","Nigeria","5510","Production","01253.02","Onions and shallots, dry (excluding dehydrated)","2004","2004","t","1147090","A","Official figure",""
"QCL","Crops and livestock products","566","Nigeria","5312","Area harvested","01253.02","Onions and shallots, dry (excluding dehydrated)","2005","2005","ha","605053","I","Value imputed by a receiving agency",""
"QCL","Crops and livestock products","566","Nigeria","5412","Yield","01253.02","Onions and shallots, dry (excluding dehydrated)","2005","2005","kg/ha","1954.4","E","Estimated value",""
"QCL","Crops and livestock products","566","Nigeria","5510","Production","01253.02","Onions and shallots, dry (excluding dehydrated)","2005","2005","t","1182520","A","Official figure",""
"QCL","Crops and livestock products","566","Nigeria","5312","Area harvested","01253.02","Onions and shallots, dry (excluding dehydrated)","2006","2006","ha","602047","I","Value imputed by a receiving agency",""
"QCL","Crops and livestock products","566","Nigeria","5412","Yield","01253.02","Onions and shallots, dry (excluding dehydrated)","2006","2006","kg/ha","1951.7","E","Estimated value",""
"QCL","Crops and livestock products","566","Nigeria","5510","Production","01253.02","Onions and shallots, dry (excluding dehydrated)","2006","2006","t","1175020","A","Official figure",""
"QCL","Crops and livestock products","566","Nigeria","5312","Area harvested","01253.02","Onions and shallots, dry (excluding dehydrated)","2007","2007","ha","635343","I","Value imputed by a receiving agency",""
"QCL","Crops and livestock products","566","Nigeria","5412","Yield","01253.02","Onions and shallots, dry (excluding dehydrated)","2007","2007","kg/ha","1948.9","E","Estimated value",""
"QCL","Crops and livestock products","566","Nigeria","5510","Production","01253.02","Onions and shallots, dry (excluding dehydrated)","2007","2007","t","1238220","A","Official figure",""
"QCL","Crops and livestock products","566","Nigeria","5312","Area harvested","01253.02","Onions and shallots, dry (excluding dehydrated)","2008","2008","ha","701857","I","Value imputed by a receiving agency",""
"QCL","Crops and livestock products","566","Nigeria","5412","Yield","01253.02","Onions and shallots, dry (excluding dehydrated)","2008","2008","kg/ha","1945.8","E","Estimated value",""
"QCL","Crops and livestock products","566","Nigeria","5510","Production","01253.02","Onions and shallots, dry (excluding dehydrated)","2008","2008","t","1365670","A","Official figure",""
"QCL","Crops and livestock products","566","Nigeria","5312","Area harvested","01253.02","Onions and shallots, dry (excluding dehydrated)","2009","2009","ha","678521","I","Value imputed by a receiving agency",""
"QCL","Crops and livestock products","566","Nigeria","5412","Yield","01253.02","Onions and shallots, dry (excluding dehydrated)","2009","2009","kg/ha","1941.9","E","Estimated value",""
"QCL","Crops and livestock products","566","Nigeria","5510","Production","01253.02","Onions and shallots, dry (excluding dehydrated)","2009","2009","t","1317632.9","I","Value imputed by a receiving agency",""
"QCL","Crops and livestock products","566","Nigeria","5312","Area harvested","01253.02","Onions and shallots, dry (excluding dehydrated)","2010","2010","ha","695345","I","Value imputed by a receiving agency",""
"QCL","Crops and livestock products","566","Nigeria","5412","Yield","01253.02","Onions and shallots, dry (excluding dehydrated)","2010","2010","kg/ha","1936","E","Estimated value",""
"QCL","Crops and livestock products","566","Nigeria","5510","Production","01253.02","Onions and shallots, dry (excluding dehydrated)","2010","2010","t","1346218","A","Official figure",""
"QCL","Crops and livestock products","566","Nigeria","5312","Area harvested","01253.02","Onions and shallots, dry (excluding dehydrated)","2011","2011","ha","373450","A","Official figure",""
"QCL","Crops and livestock products","566","Nigeria","5412","Yield","01253.02","Onions and shallots, dry (excluding dehydrated)","2011","2011","kg/ha","1918","A","Official figure",""
"QCL","Crops and livestock products","566","Nigeria","5510","Production","01253.02","Onions and shallots, dry (excluding dehydrated)","2011","2011","t","716285","A","Official figure",""
"QCL","Crops and livestock products","566","Nigeria","5312","Area harvested","01253.02","Onions and shallots, dry (excluding dehydrated)","2012","2012","ha","386300","A","Official figure",""
"QCL","Crops and livestock products","566","Nigeria","5412","Yield","01253.02","Onions and shallots, dry (excluding dehydrated)","2012","2012","kg/ha","2329","A","Official figure",""
"QCL","Crops and livestock products","566","Nigeria","5510","Production","01253.02","Onions and shallots, dry (excluding dehydrated)","2012","2012","t","899700","A","Official figure",""
"QCL","Crops and livestock products","566","Nigeria","5312","Area harvested","01253.02","Onions and shallots, dry (excluding dehydrated)","2013","2013","ha","386300","A","Official figure",""
"QCL","Crops and livestock products","566","Nigeria","5412","Yield","01253.02","Onions and shallots, dry (excluding dehydrated)","2013","2013","kg/ha","2329","A","Official figure",""
"QCL","Crops and livestock products","566","Nigeria","5510","Production","01253.02","Onions and shallots, dry (excluding dehydrated)","2013","2013","t","899700","A","Official figure",""
"QCL","Crops and livestock products","566","Nigeria","5312","Area harvested","01253.02","Onions and shallots, dry (excluding dehydrated)","2014","2014","ha","499000","A","Official figure",""
"QCL","Crops and livestock products","566","Nigeria","5412","Yield","01253.02","Onions and shallots, dry (excluding dehydrated)","2014","2014","kg/ha","2361.5","A","Official figure",""
"QCL","Crops and livestock products","566","Nigeria","5510","Production","01253.02","Onions and shallots, dry (excluding dehydrated)","2014","2014","t","1178400","A","Official figure",""
"QCL","Crops and livestock products","566","Nigeria","5312","Area harvested","01253.02","Onions and shallots, dry (excluding dehydrated)","2015","2015","ha","486410","A","Official figure",""
"QCL","Crops and livestock products","566","Nigeria","5412","Yield","01253.02","Onions and shallots, dry (excluding dehydrated)","2015","2015","kg/ha","2507.9","A","Official figure",""
"QCL","Crops and livestock products","566","Nigeria","5510","Production","01253.02","Onions and shallots, dry (excluding dehydrated)","2015","2015","t","1219880","A","Official figure",""
"QCL","Crops and livestock products","566","Nigeria","5312","Area harvested","01253.02","Onions and shallots, dry (excluding dehydrated)","2016","2016","ha","446500","A","Official figure",""
"QCL","Crops and livestock products","566","Nigeria","5412","Yield","01253.02","Onions and shallots, dry (excluding dehydrated)","2016","2016","kg/ha","2798.4","A","Official figure",""
"QCL","Crops and livestock products","566","Nigeria","5510","Production","01253.02","Onions and shallots, dry (excluding dehydrated)","2016","2016","t","1249500","A","Official figure",""
"QCL","Crops and livestock products","566","Nigeria","5312","Area harvested","01253.02","Onions and shallots, dry (excluding dehydrated)","2017","2017","ha","502800","A","Official figure",""
"QCL","Crops and livestock products","566","Nigeria","5412","Yield","01253.02","Onions and shallots, dry (excluding dehydrated)","2017","2017","kg/ha","2677.2","A","Official figure",""
"QCL","Crops and livestock products","566","Nigeria","5510","Production","01253.02","Onions and shallots, dry (excluding dehydrated)","2017","2017","t","1346100","A","Official figure",""
"QCL","Crops and livestock products","566","Nigeria","5312","Area harvested","01253.02","Onions and shallots, dry (excluding dehydrated)","2018","2018","ha","549890","A","Official figure",""
"QCL","Crops and livestock products","566","Nigeria","5412","Yield","01253.02","Onions and shallots, dry (excluding dehydrated)","2018","2018","kg/ha","2576.8","A","Official figure",""
"QCL","Crops and livestock products","566","Nigeria","5510","Production","01253.02","Onions and shallots, dry (excluding dehydrated)","2018","2018","t","1416960","A","Official figure",""
"QCL","Crops and livestock products","566","Nigeria","5312","Area harvested","01253.02","Onions and shallots, dry (excluding dehydrated)","2019","2019","ha","568225","A","Official figure",""
"QCL","Crops and livestock products","566","Nigeria","5412","Yield","01253.02","Onions and shallots, dry (excluding dehydrated)","2019","2019","kg/ha","2576.9","A","Official figure",""
"QCL","Crops and livestock products","566","Nigeria","5510","Production","01253.02","Onions and shallots, dry (excluding dehydrated)","2019","2019","t","1464280","A","Official figure",""
"QCL","Crops and livestock products","566","Nigeria","5312","Area harvested","01253.02","Onions and shallots, dry (excluding dehydrated)","2020","2020","ha","589610","A","Official figure",""
"QCL","Crops and livestock products","566","Nigeria","5412","Yield","01253.02","Onions and shallots, dry (excluding dehydrated)","2020","2020","kg/ha","2573.3","A","Official figure",""
"QCL","Crops and livestock products","566","Nigeria","5510","Production","01253.02","Onions and shallots, dry (excluding dehydrated)","2020","2020","t","1517270","A","Official figure",""
"QCL","Crops and livestock products","566","Nigeria","5312","Area harvested","01253.02","Onions and shallots, dry (excluding dehydrated)","2021","2021","ha","595850","A","Official figure",""
"QCL","Crops and livestock products","566","Nigeria","5412","Yield","01253.02","Onions and shallots, dry (excluding dehydrated)","2021","2021","kg/ha","2575.2","A","Official figure",""
"QCL","Crops and livestock products","566","Nigeria","5510","Production","01253.02","Onions and shallots, dry (excluding dehydrated)","2021","2021","t","1534430","A","Official figure",""
"QCL","Crops and livestock products","566","Nigeria","5312","Area harvested","01253.02","Onions and shallots, dry (excluding dehydrated)","2022","2022","ha","604398","I","Value imputed by a receiving agency",""
"QCL","Crops and livestock products","566","Nigeria","5412","Yield","01253.02","Onions and shallots, dry (excluding dehydrated)","2022","2022","kg/ha","2606.5","E","Estimated value",""
"QCL","Crops and livestock products","566","Nigeria","5510","Production","01253.02","Onions and shallots, dry (excluding dehydrated)","2022","2022","t","1575366.18","I","Value imputed by a receiving agency",""
"QCL","Crops and livestock products","566","Nigeria","5312","Area harvested","01253.02","Onions and shallots, dry (excluding dehydrated)","2023","2023","ha","610417","I","Value imputed by a receiving agency",""
"QCL","Crops and livestock products","566","Nigeria","5412","Yield","01253.02","Onions and shallots, dry (excluding dehydrated)","2023","2023","kg/ha","2697.4","E","Estimated value",""
"QCL","Crops and livestock products","566","Nigeria","5510","Production","01253.02","Onions and shallots, dry (excluding dehydrated)","2023","2023","t","1646510.45","I","Value imputed by a receiving agency",""
"QCL","Crops and livestock products","566","Nigeria","5312","Area harvested","01253.02","Onions and shallots, dry (excluding dehydrated)","2024","2024","ha","612609","I","Value imputed by a receiving agency",""
"QCL","Crops and livestock products","566","Nigeria","5412","Yield","01253.02","Onions and shallots, dry (excluding dehydrated)","2024","2024","kg/ha","2732.3","E","Estimated value",""
"QCL","Crops and livestock products","566","Nigeria","5510","Production","01253.02","Onions and shallots, dry (excluding dehydrated)","2024","2024","t","1673861.72","I","Value imputed by a receiving agency",""
"QCL","Crops and livestock products","566","Nigeria","5312","Area harvested","01317","Papayas","2000","2000","ha","89315","I","Value imputed by a receiving agency",""
"QCL","Crops and livestock products","566","Nigeria","5412","Yield","01317","Papayas","2000","2000","kg/ha","8337.1","E","Estimated value",""
"QCL","Crops and livestock products","566","Nigeria","5510","Production","01317","Papayas","2000","2000","t","744625.7","I","Value imputed by a receiving agency",""
"QCL","Crops and livestock products","566","Nigeria","5312","Area harvested","01317","Papayas","2001","2001","ha","89973","I","Value imputed by a receiving agency",""
"QCL","Crops and livestock products","566","Nigeria","5412","Yield","01317","Papayas","2001","2001","kg/ha","8312.4","E","Estimated value",""
"QCL","Crops and livestock products","566","Nigeria","5510","Production","01317","Papayas","2001","2001","t","747893.62","I","Value imputed by a receiving agency",""
"QCL","Crops and livestock products","566","Nigeria","5312","Area harvested","01317","Papayas","2002","2002","ha","91000","E","Estimated value",""
"QCL","Crops and livestock products","566","Nigeria","5412","Yield","01317","Papayas","2002","2002","kg/ha","8296.7","E","Estimated value",""
"QCL","Crops and livestock products","566","Nigeria","5510","Production","01317","Papayas","2002","2002","t","755000","E","Estimated value",""
"QCL","Crops and livestock products","566","Nigeria","5312","Area harvested","01317","Papayas","2003","2003","ha","91054","I","Value imputed by a receiving agency",""
"QCL","Crops and livestock products","566","Nigeria","5412","Yield","01317","Papayas","2003","2003","kg/ha","8274","E","Estimated value",""
"QCL","Crops and livestock products","566","Nigeria","5510","Production","01317","Papayas","2003","2003","t","753379.4","I","Value imputed by a receiving agency",""
"QCL","Crops and livestock products","566","Nigeria","5312","Area harvested","01317","Papayas","2004","2004","ha","91148","I","Value imputed by a receiving agency",""
"QCL","Crops and livestock products","566","Nigeria","5412","Yield","01317","Papayas","2004","2004","kg/ha","8268.2","E","Estimated value",""
"QCL","Crops and livestock products","566","Nigeria","5510","Production","01317","Papayas","2004","2004","t","753629.48","I","Value imputed by a receiving agency",""
"QCL","Crops and livestock products","566","Nigeria","5312","Area harvested","01317","Papayas","2005","2005","ha","91500","E","Estimated value",""
"QCL","Crops and livestock products","566","Nigeria","5412","Yield","01317","Papayas","2005","2005","kg/ha","8256.8","E","Estimated value",""
"QCL","Crops and livestock products","566","Nigeria","5510","Production","01317","Papayas","2005","2005","t","755500","E","Estimated value",""
"QCL","Crops and livestock products","566","Nigeria","5312","Area harvested","01317","Papayas","2006","2006","ha","92000","E","Estimated value",""
"QCL","Crops and livestock products","566","Nigeria","5412","Yield","01317","Papayas","2006","2006","kg/ha","8250","E","Estimated value",""
"QCL","Crops and livestock products","566","Nigeria","5510","Production","01317","Papayas","2006","2006","t","759000","E","Estimated value",""
"QCL","Crops and livestock products","566","Nigeria","5312","Area harvested","01317","Papayas","2007","2007","ha","92500","E","Estimated value",""
"QCL","Crops and livestock products","566","Nigeria","5412","Yield","01317","Papayas","2007","2007","kg/ha","8270.3","E","Estimated value",""
"QCL","Crops and livestock products","566","Nigeria","5510","Production","01317","Papayas","2007","2007","t","765000","E","Estimated value",""
"QCL","Crops and livestock products","566","Nigeria","5312","Area harvested","01317","Papayas","2008","2008","ha","93000","E","Estimated value",""
"QCL","Crops and livestock products","566","Nigeria","5412","Yield","01317","Papayas","2008","2008","kg/ha","8064.5","E","Estimated value",""
"QCL","Crops and livestock products","566","Nigeria","5510","Production","01317","Papayas","2008","2008","t","750000","E","Estimated value",""
"QCL","Crops and livestock products","566","Nigeria","5312","Area harvested","01317","Papayas","2009","2009","ha","93463","I","Value imputed by a receiving agency",""
"QCL","Crops and livestock products","566","Nigeria","5412","Yield","01317","Papayas","2009","2009","kg/ha","8048.4","E","Estimated value",""
"QCL","Crops and livestock products","566","Nigeria","5510","Production","01317","Papayas","2009","2009","t","752227.69","I","Value imputed by a receiving agency",""
"QCL","Crops and livestock products","566","Nigeria","5312","Area harvested","01317","Papayas","2010","2010","ha","92865","I","Value imputed by a receiving agency",""
"QCL","Crops and livestock products","566","Nigeria","5412","Yield","01317","Papayas","2010","2010","kg/ha","8076.3","E","Estimated value",""
"QCL","Crops and livestock products","566","Nigeria","5510","Production","01317","Papayas","2010","2010","t","750000","E","Estimated value",""
"QCL","Crops and livestock products","566","Nigeria","5312","Area harvested","01317","Papayas","2011","2011","ha","94000","E","Estimated value",""
"QCL","Crops and livestock products","566","Nigeria","5412","Yield","01317","Papayas","2011","2011","kg/ha","8085.1","E","Estimated value",""
"QCL","Crops and livestock products","566","Nigeria","5510","Production","01317","Papayas","2011","2011","t","760000","E","Estimated value",""
"QCL","Crops and livestock products","566","Nigeria","5312","Area harvested","01317","Papayas","2012","2012","ha","95000","E","Estimated value",""
"QCL","Crops and livestock products","566","Nigeria","5412","Yield","01317","Papayas","2012","2012","kg/ha","8157.9","E","Estimated value",""
"QCL","Crops and livestock products","566","Nigeria","5510","Production","01317","Papayas","2012","2012","t","775000","E","Estimated value",""
"QCL","Crops and livestock products","566","Nigeria","5312","Area harvested","01317","Papayas","2013","2013","ha","94000","E","Estimated value",""
"QCL","Crops and livestock products","566","Nigeria","5412","Yield","01317","Papayas","2013","2013","kg/ha","8510.6","E","Estimated value",""
"QCL","Crops and livestock products","566","Nigeria","5510","Production","01317","Papayas","2013","2013","t","800000","E","Estimated value",""
"QCL","Crops and livestock products","566","Nigeria","5312","Area harvested","01317","Papayas","2014","2014","ha","94200","E","Estimated value",""
"QCL","Crops and livestock products","566","Nigeria","5412","Yield","01317","Papayas","2014","2014","kg/ha","9023.4","E","Estimated value",""
"QCL","Crops and livestock products","566","Nigeria","5510","Production","01317","Papayas","2014","2014","t","850000","E","Estimated value",""
"QCL","Crops and livestock products","566","Nigeria","5312","Area harvested","01317","Papayas","2015","2015","ha","92660","I","Value imputed by a receiving agency",""
"QCL","Crops and livestock products","566","Nigeria","5412","Yield","01317","Papayas","2015","2015","kg/ha","9489.3","E","Estimated value",""
"QCL","Crops and livestock products","566","Nigeria","5510","Production","01317","Papayas","2015","2015","t","879277.7","I","Value imputed by a receiving agency",""
"QCL","Crops and livestock products","566","Nigeria","5312","Area harvested","01317","Papayas","2016","2016","ha","91289","I","Value imputed by a receiving agency",""
"QCL","Crops and livestock products","566","Nigeria","5412","Yield","01317","Papayas","2016","2016","kg/ha","9235.4","E","Estimated value",""
"QCL","Crops and livestock products","566","Nigeria","5510","Production","01317","Papayas","2016","2016","t","843092.57","E","Estimated value",""
"QCL","Crops and livestock products","566","Nigeria","5312","Area harvested","01317","Papayas","2017","2017","ha","91850","I","Value imputed by a receiving agency",""
"QCL","Crops and livestock products","566","Nigeria","5412","Yield","01317","Papayas","2017","2017","kg/ha","9125.5","E","Estimated value",""
"QCL","Crops and livestock products","566","Nigeria","5510","Production","01317","Papayas","2017","2017","t","838171.9","I","Value imputed by a receiving agency",""
"QCL","Crops and livestock products","566","Nigeria","5312","Area harvested","01317","Papayas","2018","2018","ha","92553","I","Value imputed by a receiving agency",""
"QCL","Crops and livestock products","566","Nigeria","5412","Yield","01317","Papayas","2018","2018","kg/ha","9029.4","E","Estimated value",""
"QCL","Crops and livestock products","566","Nigeria","5510","Production","01317","Papayas","2018","2018","t","835700.66","I","Value imputed by a receiving agency",""
"QCL","Crops and livestock products","566","Nigeria","5312","Area harvested","01317","Papayas","2019","2019","ha","94230","I","Value imputed by a receiving agency",""
"QCL","Crops and livestock products","566","Nigeria","5412","Yield","01317","Papayas","2019","2019","kg/ha","8952.3","E","Estimated value",""
"QCL","Crops and livestock products","566","Nigeria","5510","Production","01317","Papayas","2019","2019","t","843580.6","I","Value imputed by a receiving agency",""
"QCL","Crops and livestock products","566","Nigeria","5312","Area harvested","01317","Papayas","2020","2020","ha","95703","I","Value imputed by a receiving agency",""
"QCL","Crops and livestock products","566","Nigeria","5412","Yield","01317","Papayas","2020","2020","kg/ha","8904.6","E","Estimated value",""
"QCL","Crops and livestock products","566","Nigeria","5510","Production","01317","Papayas","2020","2020","t","852199.29","I","Value imputed by a receiving agency",""
"QCL","Crops and livestock products","566","Nigeria","5312","Area harvested","01317","Papayas","2021","2021","ha","95167","I","Value imputed by a receiving agency",""
"QCL","Crops and livestock products","566","Nigeria","5412","Yield","01317","Papayas","2021","2021","kg/ha","9141.7","E","Estimated value",""
"QCL","Crops and livestock products","566","Nigeria","5510","Production","01317","Papayas","2021","2021","t","869992.01","I","Value imputed by a receiving agency",""
"QCL","Crops and livestock products","566","Nigeria","5312","Area harvested","01317","Papayas","2022","2022","ha","95025","I","Value imputed by a receiving agency",""
"QCL","Crops and livestock products","566","Nigeria","5412","Yield","01317","Papayas","2022","2022","kg/ha","9203.7","E","Estimated value",""
"QCL","Crops and livestock products","566","Nigeria","5510","Production","01317","Papayas","2022","2022","t","874574.72","I","Value imputed by a receiving agency",""
"QCL","Crops and livestock products","566","Nigeria","5312","Area harvested","01317","Papayas","2023","2023","ha","95195","I","Value imputed by a receiving agency",""
"QCL","Crops and livestock products","566","Nigeria","5412","Yield","01317","Papayas","2023","2023","kg/ha","9250","E","Estimated value",""
"QCL","Crops and livestock products","566","Nigeria","5510","Production","01317","Papayas","2023","2023","t","880551.67","I","Value imputed by a receiving agency",""
"QCL","Crops and livestock products","566","Nigeria","5312","Area harvested","01317","Papayas","2024","2024","ha","95363","I","Value imputed by a receiving agency",""
"QCL","Crops and livestock products","566","Nigeria","5412","Yield","01317","Papayas","2024","2024","kg/ha","9296.3","E","Estimated value",""
"QCL","Crops and livestock products","566","Nigeria","5510","Production","01317","Papayas","2024","2024","t","886528.62","I","Value imputed by a receiving agency",""
"QCL","Crops and livestock products","566","Nigeria","5312","Area harvested","01318","Pineapples","2000","2000","ha","117005","I","Value imputed by a receiving agency",""
"QCL","Crops and livestock products","566","Nigeria","5412","Yield","01318","Pineapples","2000","2000","kg/ha","7573.3","E","Estimated value",""
"QCL","Crops and livestock products","566","Nigeria","5510","Production","01318","Pineapples","2000","2000","t","886109.51","I","Value imputed by a receiving agency",""
"QCL","Crops and livestock products","566","Nigeria","5312","Area harvested","01318","Pineapples","2001","2001","ha","116977","I","Value imputed by a receiving agency",""
"QCL","Crops and livestock products","566","Nigeria","5412","Yield","01318","Pineapples","2001","2001","kg/ha","7601.4","E","Estimated value",""
"QCL","Crops and livestock products","566","Nigeria","5510","Production","01318","Pineapples","2001","2001","t","889190.37","I","Value imputed by a receiving agency",""
"QCL","Crops and livestock products","566","Nigeria","5312","Area harvested","01318","Pineapples","2002","2002","ha","116000","E","Estimated value",""
"QCL","Crops and livestock products","566","Nigeria","5412","Yield","01318","Pineapples","2002","2002","kg/ha","7663.8","E","Estimated value",""
"QCL","Crops and livestock products","566","Nigeria","5510","Production","01318","Pineapples","2002","2002","t","889000","E","Estimated value",""
"QCL","Crops and livestock products","566","Nigeria","5312","Area harvested","01318","Pineapples","2003","2003","ha","116766","I","Value imputed by a receiving agency",""
"QCL","Crops and livestock products","566","Nigeria","5412","Yield","01318","Pineapples","2003","2003","kg/ha","7634.9","E","Estimated value",""
"QCL","Crops and livestock products","566","Nigeria","5510","Production","01318","Pineapples","2003","2003","t","891496.39","I","Value imputed by a receiving agency",""
"QCL","Crops and livestock products","566","Nigeria","5312","Area harvested","01318","Pineapples","2004","2004","ha","116938","I","Value imputed by a receiving agency",""
"QCL","Crops and livestock products","566","Nigeria","5412","Yield","01318","Pineapples","2004","2004","kg/ha","7635.8","E","Estimated value",""
"QCL","Crops and livestock products","566","Nigeria","5510","Production","01318","Pineapples","2004","2004","t","892915.56","I","Value imputed by a receiving agency",""
"QCL","Crops and livestock products","566","Nigeria","5312","Area harvested","01318","Pineapples","2005","2005","ha","116500","E","Estimated value",""
"QCL","Crops and livestock products","566","Nigeria","5412","Yield","01318","Pineapples","2005","2005","kg/ha","7639.5","E","Estimated value",""
"QCL","Crops and livestock products","566","Nigeria","5510","Production","01318","Pineapples","2005","2005","t","890000","E","Estimated value",""
"QCL","Crops and livestock products","566","Nigeria","5312","Area harvested","01318","Pineapples","2006","2006","ha","117000","E","Estimated value",""
"QCL","Crops and livestock products","566","Nigeria","5412","Yield","01318","Pineapples","2006","2006","kg/ha","7649.6","E","Estimated value",""
"QCL","Crops and livestock products","566","Nigeria","5510","Production","01318","Pineapples","2006","2006","t","895000","E","Estimated value",""
"QCL","Crops and livestock products","566","Nigeria","5312","Area harvested","01318","Pineapples","2007","2007","ha","117500","E","Estimated value",""
"QCL","Crops and livestock products","566","Nigeria","5412","Yield","01318","Pineapples","2007","2007","kg/ha","7659.6","E","Estimated value",""
"QCL","Crops and livestock products","566","Nigeria","5510","Production","01318","Pineapples","2007","2007","t","900000","E","Estimated value",""
"QCL","Crops and livestock products","566","Nigeria","5312","Area harvested","01318","Pineapples","2008","2008","ha","120000","E","Estimated value",""
"QCL","Crops and livestock products","566","Nigeria","5412","Yield","01318","Pineapples","2008","2008","kg/ha","7500","E","Estimated value",""
"QCL","Crops and livestock products","566","Nigeria","5510","Production","01318","Pineapples","2008","2008","t","900000","E","Estimated value",""
"QCL","Crops and livestock products","566","Nigeria","5312","Area harvested","01318","Pineapples","2009","2009","ha","125000","E","Estimated value",""
"QCL","Crops and livestock products","566","Nigeria","5412","Yield","01318","Pineapples","2009","2009","kg/ha","8000","E","Estimated value",""
"QCL","Crops and livestock products","566","Nigeria","5510","Production","01318","Pineapples","2009","2009","t","1000000","E","Estimated value",""
"QCL","Crops and livestock products","566","Nigeria","5312","Area harvested","01318","Pineapples","2010","2010","ha","180000","E","Estimated value",""
"QCL","Crops and livestock products","566","Nigeria","5412","Yield","01318","Pineapples","2010","2010","kg/ha","8263.1","E","Estimated value",""
"QCL","Crops and livestock products","566","Nigeria","5510","Production","01318","Pineapples","2010","2010","t","1487350","A","Official figure",""
"QCL","Crops and livestock products","566","Nigeria","5312","Area harvested","01318","Pineapples","2011","2011","ha","180000","E","Estimated value",""
"QCL","Crops and livestock products","566","Nigeria","5412","Yield","01318","Pineapples","2011","2011","kg/ha","8225.4","E","Estimated value",""
"QCL","Crops and livestock products","566","Nigeria","5510","Production","01318","Pineapples","2011","2011","t","1480570.75","I","Value imputed by a receiving agency",""
"QCL","Crops and livestock products","566","Nigeria","5312","Area harvested","01318","Pineapples","2012","2012","ha","180000","E","Estimated value",""
"QCL","Crops and livestock products","566","Nigeria","5412","Yield","01318","Pineapples","2012","2012","kg/ha","7984","E","Estimated value",""
"QCL","Crops and livestock products","566","Nigeria","5510","Production","01318","Pineapples","2012","2012","t","1437127.51","I","Value imputed by a receiving agency",""
"QCL","Crops and livestock products","566","Nigeria","5312","Area harvested","01318","Pineapples","2013","2013","ha","180000","E","Estimated value",""
"QCL","Crops and livestock products","566","Nigeria","5412","Yield","01318","Pineapples","2013","2013","kg/ha","8042.5","E","Estimated value",""
"QCL","Crops and livestock products","566","Nigeria","5510","Production","01318","Pineapples","2013","2013","t","1447643.6","I","Value imputed by a receiving agency",""
"QCL","Crops and livestock products","566","Nigeria","5312","Area harvested","01318","Pineapples","2014","2014","ha","182000","E","Estimated value",""
"QCL","Crops and livestock products","566","Nigeria","5412","Yield","01318","Pineapples","2014","2014","kg/ha","8084.6","E","Estimated value",""
"QCL","Crops and livestock products","566","Nigeria","5510","Production","01318","Pineapples","2014","2014","t","1471403.59","I","Value imputed by a receiving agency",""
"QCL","Crops and livestock products","566","Nigeria","5312","Area harvested","01318","Pineapples","2015","2015","ha","183564","I","Value imputed by a receiving agency",""
"QCL","Crops and livestock products","566","Nigeria","5412","Yield","01318","Pineapples","2015","2015","kg/ha","8150.8","E","Estimated value",""
"QCL","Crops and livestock products","566","Nigeria","5510","Production","01318","Pineapples","2015","2015","t","1496185.37","I","Value imputed by a receiving agency",""
"QCL","Crops and livestock products","566","Nigeria","5312","Area harvested","01318","Pineapples","2016","2016","ha","186981","I","Value imputed by a receiving agency",""
"QCL","Crops and livestock products","566","Nigeria","5412","Yield","01318","Pineapples","2016","2016","kg/ha","8199.8","E","Estimated value",""
"QCL","Crops and livestock products","566","Nigeria","5510","Production","01318","Pineapples","2016","2016","t","1533207.32","I","Value imputed by a receiving agency",""
"QCL","Crops and livestock products","566","Nigeria","5312","Area harvested","01318","Pineapples","2017","2017","ha","190314","I","Value imputed by a receiving agency",""
"QCL","Crops and livestock products","566","Nigeria","5412","Yield","01318","Pineapples","2017","2017","kg/ha","8241.2","E","Estimated value",""
"QCL","Crops and livestock products","566","Nigeria","5510","Production","01318","Pineapples","2017","2017","t","1568421.32","I","Value imputed by a receiving agency",""
"QCL","Crops and livestock products","566","Nigeria","5312","Area harvested","01318","Pineapples","2018","2018","ha","192368","I","Value imputed by a receiving agency",""
"QCL","Crops and livestock products","566","Nigeria","5412","Yield","01318","Pineapples","2018","2018","kg/ha","8262.3","E","Estimated value",""
"QCL","Crops and livestock products","566","Nigeria","5510","Production","01318","Pineapples","2018","2018","t","1589394.74","I","Value imputed by a receiving agency",""
"QCL","Crops and livestock products","566","Nigeria","5312","Area harvested","01318","Pineapples","2019","2019","ha","192564","I","Value imputed by a receiving agency",""
"QCL","Crops and livestock products","566","Nigeria","5412","Yield","01318","Pineapples","2019","2019","kg/ha","8277.1","E","Estimated value",""
"QCL","Crops and livestock products","566","Nigeria","5510","Production","01318","Pineapples","2019","2019","t","1593867.22","I","Value imputed by a receiving agency",""
"QCL","Crops and livestock products","566","Nigeria","5312","Area harvested","01318","Pineapples","2020","2020","ha","191826","I","Value imputed by a receiving agency",""
"QCL","Crops and livestock products","566","Nigeria","5412","Yield","01318","Pineapples","2020","2020","kg/ha","8287.7","E","Estimated value",""
"QCL","Crops and livestock products","566","Nigeria","5510","Production","01318","Pineapples","2020","2020","t","1589792.75","I","Value imputed by a receiving agency",""
"QCL","Crops and livestock products","566","Nigeria","5312","Area harvested","01318","Pineapples","2021","2021","ha","195699","I","Value imputed by a receiving agency",""
"QCL","Crops and livestock products","566","Nigeria","5412","Yield","01318","Pineapples","2021","2021","kg/ha","8307","E","Estimated value",""
"QCL","Crops and livestock products","566","Nigeria","5510","Production","01318","Pineapples","2021","2021","t","1625676.57","I","Value imputed by a receiving agency",""
"QCL","Crops and livestock products","566","Nigeria","5312","Area harvested","01318","Pineapples","2022","2022","ha","196170","I","Value imputed by a receiving agency",""
"QCL","Crops and livestock products","566","Nigeria","5412","Yield","01318","Pineapples","2022","2022","kg/ha","8172","E","Estimated value",""
"QCL","Crops and livestock products","566","Nigeria","5510","Production","01318","Pineapples","2022","2022","t","1603112.18","E","Estimated value",""
"QCL","Crops and livestock products","566","Nigeria","5312","Area harvested","01318","Pineapples","2023","2023","ha","197375","I","Value imputed by a receiving agency",""
"QCL","Crops and livestock products","566","Nigeria","5412","Yield","01318","Pineapples","2023","2023","kg/ha","8137.8","E","Estimated value",""
"QCL","Crops and livestock products","566","Nigeria","5510","Production","01318","Pineapples","2023","2023","t","1606193.83","E","Estimated value",""
"QCL","Crops and livestock products","566","Nigeria","5312","Area harvested","01318","Pineapples","2024","2024","ha","198573","I","Value imputed by a receiving agency",""
"QCL","Crops and livestock products","566","Nigeria","5412","Yield","01318","Pineapples","2024","2024","kg/ha","8116.2","E","Estimated value",""
"QCL","Crops and livestock products","566","Nigeria","5510","Production","01318","Pineapples","2024","2024","t","1611660.86","E","Estimated value",""
"QCL","Crops and livestock products","566","Nigeria","5312","Area harvested","01313","Plantains and cooking bananas","2000","2000","ha","","M","Missing value; data cannot exist",""
"QCL","Crops and livestock products","566","Nigeria","5510","Production","01313","Plantains and cooking bananas","2000","2000","t","","M","Missing value; data cannot exist",""
"QCL","Crops and livestock products","566","Nigeria","5312","Area harvested","01313","Plantains and cooking bananas","2001","2001","ha","","M","Missing value; data cannot exist",""
"QCL","Crops and livestock products","566","Nigeria","5510","Production","01313","Plantains and cooking bananas","2001","2001","t","","M","Missing value; data cannot exist",""
"QCL","Crops and livestock products","566","Nigeria","5312","Area harvested","01313","Plantains and cooking bananas","2002","2002","ha","","M","Missing value; data cannot exist",""
"QCL","Crops and livestock products","566","Nigeria","5510","Production","01313","Plantains and cooking bananas","2002","2002","t","","M","Missing value; data cannot exist",""
"QCL","Crops and livestock products","566","Nigeria","5312","Area harvested","01313","Plantains and cooking bananas","2003","2003","ha","","M","Missing value; data cannot exist",""
"QCL","Crops and livestock products","566","Nigeria","5510","Production","01313","Plantains and cooking bananas","2003","2003","t","","M","Missing value; data cannot exist",""
"QCL","Crops and livestock products","566","Nigeria","5312","Area harvested","01313","Plantains and cooking bananas","2004","2004","ha","","M","Missing value; data cannot exist",""
"QCL","Crops and livestock products","566","Nigeria","5510","Production","01313","Plantains and cooking bananas","2004","2004","t","","M","Missing value; data cannot exist",""
"QCL","Crops and livestock products","566","Nigeria","5312","Area harvested","01313","Plantains and cooking bananas","2005","2005","ha","","M","Missing value; data cannot exist",""
"QCL","Crops and livestock products","566","Nigeria","5510","Production","01313","Plantains and cooking bananas","2005","2005","t","","M","Missing value; data cannot exist",""
"QCL","Crops and livestock products","566","Nigeria","5312","Area harvested","01313","Plantains and cooking bananas","2006","2006","ha","","M","Missing value; data cannot exist",""
"QCL","Crops and livestock products","566","Nigeria","5510","Production","01313","Plantains and cooking bananas","2006","2006","t","","M","Missing value; data cannot exist",""
"QCL","Crops and livestock products","566","Nigeria","5312","Area harvested","01313","Plantains and cooking bananas","2007","2007","ha","","M","Missing value; data cannot exist",""
"QCL","Crops and livestock products","566","Nigeria","5510","Production","01313","Plantains and cooking bananas","2007","2007","t","","M","Missing value; data cannot exist",""
"QCL","Crops and livestock products","566","Nigeria","5312","Area harvested","01313","Plantains and cooking bananas","2008","2008","ha","","M","Missing value; data cannot exist",""
"QCL","Crops and livestock products","566","Nigeria","5510","Production","01313","Plantains and cooking bananas","2008","2008","t","","M","Missing value; data cannot exist",""
"QCL","Crops and livestock products","566","Nigeria","5312","Area harvested","01313","Plantains and cooking bananas","2009","2009","ha","","M","Missing value; data cannot exist",""
"QCL","Crops and livestock products","566","Nigeria","5510","Production","01313","Plantains and cooking bananas","2009","2009","t","","M","Missing value; data cannot exist",""
"QCL","Crops and livestock products","566","Nigeria","5312","Area harvested","01313","Plantains and cooking bananas","2010","2010","ha","","M","Missing value; data cannot exist",""
"QCL","Crops and livestock products","566","Nigeria","5510","Production","01313","Plantains and cooking bananas","2010","2010","t","","M","Missing value; data cannot exist",""
"QCL","Crops and livestock products","566","Nigeria","5312","Area harvested","01313","Plantains and cooking bananas","2011","2011","ha","","M","Missing value; data cannot exist",""
"QCL","Crops and livestock products","566","Nigeria","5510","Production","01313","Plantains and cooking bananas","2011","2011","t","","M","Missing value; data cannot exist",""
"QCL","Crops and livestock products","566","Nigeria","5312","Area harvested","01313","Plantains and cooking bananas","2012","2012","ha","","M","Missing value; data cannot exist",""
"QCL","Crops and livestock products","566","Nigeria","5510","Production","01313","Plantains and cooking bananas","2012","2012","t","","M","Missing value; data cannot exist",""
"QCL","Crops and livestock products","566","Nigeria","5312","Area harvested","01313","Plantains and cooking bananas","2013","2013","ha","","M","Missing value; data cannot exist",""
"QCL","Crops and livestock products","566","Nigeria","5510","Production","01313","Plantains and cooking bananas","2013","2013","t","","M","Missing value; data cannot exist",""
"QCL","Crops and livestock products","566","Nigeria","5312","Area harvested","01313","Plantains and cooking bananas","2014","2014","ha","","M","Missing value; data cannot exist",""
"QCL","Crops and livestock products","566","Nigeria","5510","Production","01313","Plantains and cooking bananas","2014","2014","t","","M","Missing value; data cannot exist",""
"QCL","Crops and livestock products","566","Nigeria","5312","Area harvested","01313","Plantains and cooking bananas","2015","2015","ha","","M","Missing value; data cannot exist",""
"QCL","Crops and livestock products","566","Nigeria","5510","Production","01313","Plantains and cooking bananas","2015","2015","t","","M","Missing value; data cannot exist",""
"QCL","Crops and livestock products","566","Nigeria","5312","Area harvested","01313","Plantains and cooking bananas","2016","2016","ha","","M","Missing value; data cannot exist",""
"QCL","Crops and livestock products","566","Nigeria","5510","Production","01313","Plantains and cooking bananas","2016","2016","t","","M","Missing value; data cannot exist",""
"QCL","Crops and livestock products","566","Nigeria","5312","Area harvested","01313","Plantains and cooking bananas","2017","2017","ha","","M","Missing value; data cannot exist",""
"QCL","Crops and livestock products","566","Nigeria","5510","Production","01313","Plantains and cooking bananas","2017","2017","t","","M","Missing value; data cannot exist",""
"QCL","Crops and livestock products","566","Nigeria","5312","Area harvested","01313","Plantains and cooking bananas","2018","2018","ha","","M","Missing value; data cannot exist",""
"QCL","Crops and livestock products","566","Nigeria","5510","Production","01313","Plantains and cooking bananas","2018","2018","t","","M","Missing value; data cannot exist",""
"QCL","Crops and livestock products","566","Nigeria","5312","Area harvested","01313","Plantains and cooking bananas","2019","2019","ha","","M","Missing value; data cannot exist",""
"QCL","Crops and livestock products","566","Nigeria","5510","Production","01313","Plantains and cooking bananas","2019","2019","t","","M","Missing value; data cannot exist",""
"QCL","Crops and livestock products","566","Nigeria","5312","Area harvested","01313","Plantains and cooking bananas","2020","2020","ha","","M","Missing value; data cannot exist",""
"QCL","Crops and livestock products","566","Nigeria","5510","Production","01313","Plantains and cooking bananas","2020","2020","t","","M","Missing value; data cannot exist",""
"QCL","Crops and livestock products","566","Nigeria","5312","Area harvested","01313","Plantains and cooking bananas","2021","2021","ha","","M","Missing value; data cannot exist",""
"QCL","Crops and livestock products","566","Nigeria","5510","Production","01313","Plantains and cooking bananas","2021","2021","t","","M","Missing value; data cannot exist",""
"QCL","Crops and livestock products","566","Nigeria","5312","Area harvested","01313","Plantains and cooking bananas","2022","2022","ha","","M","Missing value; data cannot exist",""
"QCL","Crops and livestock products","566","Nigeria","5510","Production","01313","Plantains and cooking bananas","2022","2022","t","","M","Missing value; data cannot exist",""
"QCL","Crops and livestock products","566","Nigeria","5312","Area harvested","01313","Plantains and cooking bananas","2023","2023","ha","","M","Missing value; data cannot exist",""
"QCL","Crops and livestock products","566","Nigeria","5510","Production","01313","Plantains and cooking bananas","2023","2023","t","","M","Missing value; data cannot exist",""
"QCL","Crops and livestock products","566","Nigeria","5312","Area harvested","01313","Plantains and cooking bananas","2024","2024","ha","","M","Missing value; data cannot exist",""
"QCL","Crops and livestock products","566","Nigeria","5510","Production","01313","Plantains and cooking bananas","2024","2024","t","","M","Missing value; data cannot exist",""
"QCL","Crops and livestock products","566","Nigeria","5312","Area harvested","01510","Potatoes","2000","2000","ha","212000","A","Official figure",""
"QCL","Crops and livestock products","566","Nigeria","5412","Yield","01510","Potatoes","2000","2000","kg/ha","2825.5","A","Official figure",""
"QCL","Crops and livestock products","566","Nigeria","5510","Production","01510","Potatoes","2000","2000","t","599000","A","Official figure",""
"QCL","Crops and livestock products","566","Nigeria","5312","Area harvested","01510","Potatoes","2001","2001","ha","212000","A","Official figure",""
"QCL","Crops and livestock products","566","Nigeria","5412","Yield","01510","Potatoes","2001","2001","kg/ha","2825.5","A","Official figure",""
"QCL","Crops and livestock products","566","Nigeria","5510","Production","01510","Potatoes","2001","2001","t","599000","A","Official figure",""
"QCL","Crops and livestock products","566","Nigeria","5312","Area harvested","01510","Potatoes","2002","2002","ha","224000","A","Official figure",""
"QCL","Crops and livestock products","566","Nigeria","5412","Yield","01510","Potatoes","2002","2002","kg/ha","2843.8","A","Official figure",""
"QCL","Crops and livestock products","566","Nigeria","5510","Production","01510","Potatoes","2002","2002","t","637000","A","Official figure",""
"QCL","Crops and livestock products","566","Nigeria","5312","Area harvested","01510","Potatoes","2003","2003","ha","235000","A","Official figure",""
"QCL","Crops and livestock products","566","Nigeria","5412","Yield","01510","Potatoes","2003","2003","kg/ha","2885.1","A","Official figure",""
"QCL","Crops and livestock products","566","Nigeria","5510","Production","01510","Potatoes","2003","2003","t","678000","A","Official figure",""
"QCL","Crops and livestock products","566","Nigeria","5312","Area harvested","01510","Potatoes","2004","2004","ha","246000","A","Official figure",""
"QCL","Crops and livestock products","566","Nigeria","5412","Yield","01510","Potatoes","2004","2004","kg/ha","2951.2","A","Official figure",""
"QCL","Crops and livestock products","566","Nigeria","5510","Production","01510","Potatoes","2004","2004","t","726000","A","Official figure",""
"QCL","Crops and livestock products","566","Nigeria","5312","Area harvested","01510","Potatoes","2005","2005","ha","260000","A","Official figure",""
"QCL","Crops and livestock products","566","Nigeria","5412","Yield","01510","Potatoes","2005","2005","kg/ha","2984.6","A","Official figure",""
"QCL","Crops and livestock products","566","Nigeria","5510","Production","01510","Potatoes","2005","2005","t","776000","A","Official figure",""
"QCL","Crops and livestock products","566","Nigeria","5312","Area harvested","01510","Potatoes","2006","2006","ha","266000","A","Official figure",""
"QCL","Crops and livestock products","566","Nigeria","5412","Yield","01510","Potatoes","2006","2006","kg/ha","3150.4","A","Official figure",""
"QCL","Crops and livestock products","566","Nigeria","5510","Production","01510","Potatoes","2006","2006","t","838000","A","Official figure",""
"QCL","Crops and livestock products","566","Nigeria","5312","Area harvested","01510","Potatoes","2007","2007","ha","269000","A","Official figure",""
"QCL","Crops and livestock products","566","Nigeria","5412","Yield","01510","Potatoes","2007","2007","kg/ha","2461","A","Official figure",""
"QCL","Crops and livestock products","566","Nigeria","5510","Production","01510","Potatoes","2007","2007","t","662000","A","Official figure",""
"QCL","Crops and livestock products","566","Nigeria","5312","Area harvested","01510","Potatoes","2008","2008","ha","263000","A","Official figure",""
"QCL","Crops and livestock products","566","Nigeria","5412","Yield","01510","Potatoes","2008","2008","kg/ha","4201.5","A","Official figure",""
"QCL","Crops and livestock products","566","Nigeria","5510","Production","01510","Potatoes","2008","2008","t","1105000","A","Official figure",""
"QCL","Crops and livestock products","566","Nigeria","5312","Area harvested","01510","Potatoes","2009","2009","ha","250000","E","Estimated value",""
"QCL","Crops and livestock products","566","Nigeria","5412","Yield","01510","Potatoes","2009","2009","kg/ha","4000","E","Estimated value",""
"QCL","Crops and livestock products","566","Nigeria","5510","Production","01510","Potatoes","2009","2009","t","1000000","E","Estimated value",""
"QCL","Crops and livestock products","566","Nigeria","5312","Area harvested","01510","Potatoes","2010","2010","ha","265992","I","Value imputed by a receiving agency",""
"QCL","Crops and livestock products","566","Nigeria","5412","Yield","01510","Potatoes","2010","2010","kg/ha","3858.4","E","Estimated value",""
"QCL","Crops and livestock products","566","Nigeria","5510","Production","01510","Potatoes","2010","2010","t","1026311.02","I","Value imputed by a receiving agency",""
"QCL","Crops and livestock products","566","Nigeria","5312","Area harvested","01510","Potatoes","2011","2011","ha","308560","I","Value imputed by a receiving agency",""
"QCL","Crops and livestock products","566","Nigeria","5412","Yield","01510","Potatoes","2011","2011","kg/ha","3490.6","E","Estimated value",""
"QCL","Crops and livestock products","566","Nigeria","5510","Production","01510","Potatoes","2011","2011","t","1077058.41","I","Value imputed by a receiving agency",""
"QCL","Crops and livestock products","566","Nigeria","5312","Area harvested","01510","Potatoes","2012","2012","ha","301303","I","Value imputed by a receiving agency",""
"QCL","Crops and livestock products","566","Nigeria","5412","Yield","01510","Potatoes","2012","2012","kg/ha","3601.5","E","Estimated value",""
"QCL","Crops and livestock products","566","Nigeria","5510","Production","01510","Potatoes","2012","2012","t","1085139.45","I","Value imputed by a receiving agency",""
"QCL","Crops and livestock products","566","Nigeria","5312","Area harvested","01510","Potatoes","2013","2013","ha","310321","I","Value imputed by a receiving agency",""
"QCL","Crops and livestock products","566","Nigeria","5412","Yield","01510","Potatoes","2013","2013","kg/ha","3625.2","E","Estimated value",""
"QCL","Crops and livestock products","566","Nigeria","5510","Production","01510","Potatoes","2013","2013","t","1124985.07","I","Value imputed by a receiving agency",""
"QCL","Crops and livestock products","566","Nigeria","5312","Area harvested","01510","Potatoes","2014","2014","ha","316733","I","Value imputed by a receiving agency",""
"QCL","Crops and livestock products","566","Nigeria","5412","Yield","01510","Potatoes","2014","2014","kg/ha","3703.9","E","Estimated value",""
"QCL","Crops and livestock products","566","Nigeria","5510","Production","01510","Potatoes","2014","2014","t","1173145.5","I","Value imputed by a receiving agency",""
"QCL","Crops and livestock products","566","Nigeria","5312","Area harvested","01510","Potatoes","2015","2015","ha","318600","I","Value imputed by a receiving agency",""
"QCL","Crops and livestock products","566","Nigeria","5412","Yield","01510","Potatoes","2015","2015","kg/ha","3893.4","E","Estimated value",""
"QCL","Crops and livestock products","566","Nigeria","5510","Production","01510","Potatoes","2015","2015","t","1240446.25","I","Value imputed by a receiving agency",""
"QCL","Crops and livestock products","566","Nigeria","5312","Area harvested","01510","Potatoes","2016","2016","ha","320336","I","Value imputed by a receiving agency",""
"QCL","Crops and livestock products","566","Nigeria","5412","Yield","01510","Potatoes","2016","2016","kg/ha","3682.2","E","Estimated value",""
"QCL","Crops and livestock products","566","Nigeria","5510","Production","01510","Potatoes","2016","2016","t","1179525.61","E","Estimated value",""
"QCL","Crops and livestock products","566","Nigeria","5312","Area harvested","01510","Potatoes","2017","2017","ha","318556","E","Estimated value",""
"QCL","Crops and livestock products","566","Nigeria","5412","Yield","01510","Potatoes","2017","2017","kg/ha","3876.8","E","Estimated value",""
"QCL","Crops and livestock products","566","Nigeria","5510","Production","01510","Potatoes","2017","2017","t","1234968.04","I","Value imputed by a receiving agency",""
"QCL","Crops and livestock products","566","Nigeria","5312","Area harvested","01510","Potatoes","2018","2018","ha","326471","I","Value imputed by a receiving agency",""
"QCL","Crops and livestock products","566","Nigeria","5412","Yield","01510","Potatoes","2018","2018","kg/ha","3731.8","E","Estimated value",""
"QCL","Crops and livestock products","566","Nigeria","5510","Production","01510","Potatoes","2018","2018","t","1218313.3","E","Estimated value",""
"QCL","Crops and livestock products","566","Nigeria","5312","Area harvested","01510","Potatoes","2019","2019","ha","321788","E","Estimated value",""
"QCL","Crops and livestock products","566","Nigeria","5412","Yield","01510","Potatoes","2019","2019","kg/ha","3763.2","E","Estimated value",""
"QCL","Crops and livestock products","566","Nigeria","5510","Production","01510","Potatoes","2019","2019","t","1210935.65","E","Estimated value",""
"QCL","Crops and livestock products","566","Nigeria","5312","Area harvested","01510","Potatoes","2020","2020","ha","331585","I","Value imputed by a receiving agency",""
"QCL","Crops and livestock products","566","Nigeria","5412","Yield","01510","Potatoes","2020","2020","kg/ha","3758.9","E","Estimated value",""
"QCL","Crops and livestock products","566","Nigeria","5510","Production","01510","Potatoes","2020","2020","t","1246389.93","I","Value imputed by a receiving agency",""
"QCL","Crops and livestock products","566","Nigeria","5312","Area harvested","01510","Potatoes","2021","2021","ha","326615","E","Estimated value",""
"QCL","Crops and livestock products","566","Nigeria","5412","Yield","01510","Potatoes","2021","2021","kg/ha","3751.2","E","Estimated value",""
"QCL","Crops and livestock products","566","Nigeria","5510","Production","01510","Potatoes","2021","2021","t","1225212.96","E","Estimated value",""
"QCL","Crops and livestock products","566","Nigeria","5312","Area harvested","01510","Potatoes","2022","2022","ha","326662","E","Estimated value",""
"QCL","Crops and livestock products","566","Nigeria","5412","Yield","01510","Potatoes","2022","2022","kg/ha","3757.7","E","Estimated value",""
"QCL","Crops and livestock products","566","Nigeria","5510","Production","01510","Potatoes","2022","2022","t","1227512.85","E","Estimated value",""
"QCL","Crops and livestock products","566","Nigeria","5312","Area harvested","01510","Potatoes","2023","2023","ha","328287","E","Estimated value",""
"QCL","Crops and livestock products","566","Nigeria","5412","Yield","01510","Potatoes","2023","2023","kg/ha","3756","E","Estimated value",""
"QCL","Crops and livestock products","566","Nigeria","5510","Production","01510","Potatoes","2023","2023","t","1233038.58","E","Estimated value",""
"QCL","Crops and livestock products","566","Nigeria","5312","Area harvested","01510","Potatoes","2024","2024","ha","327188","E","Estimated value",""
"QCL","Crops and livestock products","566","Nigeria","5412","Yield","01510","Potatoes","2024","2024","kg/ha","3755","E","Estimated value",""
"QCL","Crops and livestock products","566","Nigeria","5510","Production","01510","Potatoes","2024","2024","t","1228588.13","E","Estimated value",""
"QCL","Crops and livestock products","566","Nigeria","5312","Area harvested","0113","Rice","2000","2000","ha","2199000","A","Official figure",""
"QCL","Crops and livestock products","566","Nigeria","5412","Yield","0113","Rice","2000","2000","kg/ha","1499.8","A","Official figure",""
"QCL","Crops and livestock products","566","Nigeria","5510","Production","0113","Rice","2000","2000","t","3298000","A","Official figure",""
"QCL","Crops and livestock products","566","Nigeria","5312","Area harvested","0113","Rice","2001","2001","ha","2117000","A","Official figure",""
"QCL","Crops and livestock products","566","Nigeria","5412","Yield","0113","Rice","2001","2001","kg/ha","1300","A","Official figure",""
"QCL","Crops and livestock products","566","Nigeria","5510","Production","0113","Rice","2001","2001","t","2752000","A","Official figure",""
"QCL","Crops and livestock products","566","Nigeria","5312","Area harvested","0113","Rice","2002","2002","ha","2185000","A","Official figure",""
"QCL","Crops and livestock products","566","Nigeria","5412","Yield","0113","Rice","2002","2002","kg/ha","1340","A","Official figure",""
"QCL","Crops and livestock products","566","Nigeria","5510","Production","0113","Rice","2002","2002","t","2928000","A","Official figure",""
"QCL","Crops and livestock products","566","Nigeria","5312","Area harvested","0113","Rice","2003","2003","ha","2210000","A","Official figure",""
"QCL","Crops and livestock products","566","Nigeria","5412","Yield","0113","Rice","2003","2003","kg/ha","1410","A","Official figure",""
"QCL","Crops and livestock products","566","Nigeria","5510","Production","0113","Rice","2003","2003","t","3116000","A","Official figure",""
"QCL","Crops and livestock products","566","Nigeria","5312","Area harvested","0113","Rice","2004","2004","ha","2348000","A","Official figure",""
"QCL","Crops and livestock products","566","Nigeria","5412","Yield","0113","Rice","2004","2004","kg/ha","1419.9","A","Official figure",""
"QCL","Crops and livestock products","566","Nigeria","5510","Production","0113","Rice","2004","2004","t","3334000","A","Official figure",""
"QCL","Crops and livestock products","566","Nigeria","5312","Area harvested","0113","Rice","2005","2005","ha","2494000","A","Official figure",""
"QCL","Crops and livestock products","566","Nigeria","5412","Yield","0113","Rice","2005","2005","kg/ha","1430.2","A","Official figure",""
"QCL","Crops and livestock products","566","Nigeria","5510","Production","0113","Rice","2005","2005","t","3567000","A","Official figure",""
"QCL","Crops and livestock products","566","Nigeria","5312","Area harvested","0113","Rice","2006","2006","ha","2725000","A","Official figure",""
"QCL","Crops and livestock products","566","Nigeria","5412","Yield","0113","Rice","2006","2006","kg/ha","1483.3","A","Official figure",""
"QCL","Crops and livestock products","566","Nigeria","5510","Production","0113","Rice","2006","2006","t","4042000","A","Official figure",""
"QCL","Crops and livestock products","566","Nigeria","5312","Area harvested","0113","Rice","2007","2007","ha","2451000","A","Official figure",""
"QCL","Crops and livestock products","566","Nigeria","5412","Yield","0113","Rice","2007","2007","kg/ha","1299.9","A","Official figure",""
"QCL","Crops and livestock products","566","Nigeria","5510","Production","0113","Rice","2007","2007","t","3186000","A","Official figure",""
"QCL","Crops and livestock products","566","Nigeria","5312","Area harvested","0113","Rice","2008","2008","ha","2382000","A","Official figure",""
"QCL","Crops and livestock products","566","Nigeria","5412","Yield","0113","Rice","2008","2008","kg/ha","1754.4","A","Official figure",""
"QCL","Crops and livestock products","566","Nigeria","5510","Production","0113","Rice","2008","2008","t","4179000","A","Official figure",""
"QCL","Crops and livestock products","566","Nigeria","5312","Area harvested","0113","Rice","2009","2009","ha","1836880","A","Official figure",""
"QCL","Crops and livestock products","566","Nigeria","5412","Yield","0113","Rice","2009","2009","kg/ha","1930.6","A","Official figure",""
"QCL","Crops and livestock products","566","Nigeria","5510","Production","0113","Rice","2009","2009","t","3546250","A","Official figure",""
"QCL","Crops and livestock products","566","Nigeria","5312","Area harvested","0113","Rice","2010","2010","ha","2432630","A","Official figure",""
"QCL","Crops and livestock products","566","Nigeria","5412","Yield","0113","Rice","2010","2010","kg/ha","1838.6","A","Official figure",""
"QCL","Crops and livestock products","566","Nigeria","5510","Production","0113","Rice","2010","2010","t","4472520","A","Official figure",""
"QCL","Crops and livestock products","566","Nigeria","5312","Area harvested","0113","Rice","2011","2011","ha","2269410","A","Official figure",""
"QCL","Crops and livestock products","566","Nigeria","5412","Yield","0113","Rice","2011","2011","kg/ha","2032.5","A","Official figure",""
"QCL","Crops and livestock products","566","Nigeria","5510","Production","0113","Rice","2011","2011","t","4612614","A","Official figure",""
"QCL","Crops and livestock products","566","Nigeria","5312","Area harvested","0113","Rice","2012","2012","ha","2863815","A","Official figure",""
"QCL","Crops and livestock products","566","Nigeria","5412","Yield","0113","Rice","2012","2012","kg/ha","1897.1","A","Official figure",""
"QCL","Crops and livestock products","566","Nigeria","5510","Production","0113","Rice","2012","2012","t","5432930","A","Official figure",""
"QCL","Crops and livestock products","566","Nigeria","5312","Area harvested","0113","Rice","2013","2013","ha","2931800","A","Official figure",""
"QCL","Crops and livestock products","566","Nigeria","5412","Yield","0113","Rice","2013","2013","kg/ha","1984.5","A","Official figure",""
"QCL","Crops and livestock products","566","Nigeria","5510","Production","0113","Rice","2013","2013","t","5818200","A","Official figure",""
"QCL","Crops and livestock products","566","Nigeria","5312","Area harvested","0113","Rice","2014","2014","ha","3095900","A","Official figure",""
"QCL","Crops and livestock products","566","Nigeria","5412","Yield","0113","Rice","2014","2014","kg/ha","2160.9","A","Official figure",""
"QCL","Crops and livestock products","566","Nigeria","5510","Production","0113","Rice","2014","2014","t","6690000","A","Official figure",""
"QCL","Crops and livestock products","566","Nigeria","5312","Area harvested","0113","Rice","2015","2015","ha","3651200","A","Official figure",""
"QCL","Crops and livestock products","566","Nigeria","5412","Yield","0113","Rice","2015","2015","kg/ha","2074.2","A","Official figure",""
"QCL","Crops and livestock products","566","Nigeria","5510","Production","0113","Rice","2015","2015","t","7573400","A","Official figure",""
"QCL","Crops and livestock products","566","Nigeria","5312","Area harvested","0113","Rice","2016","2016","ha","3898900","A","Official figure",""
"QCL","Crops and livestock products","566","Nigeria","5412","Yield","0113","Rice","2016","2016","kg/ha","2003.7","A","Official figure",""
"QCL","Crops and livestock products","566","Nigeria","5510","Production","0113","Rice","2016","2016","t","7812200","A","Official figure",""
"QCL","Crops and livestock products","566","Nigeria","5312","Area harvested","0113","Rice","2017","2017","ha","3765000","A","Official figure",""
"QCL","Crops and livestock products","566","Nigeria","5412","Yield","0113","Rice","2017","2017","kg/ha","2081","A","Official figure",""
"QCL","Crops and livestock products","566","Nigeria","5510","Production","0113","Rice","2017","2017","t","7835100","A","Official figure",""
"QCL","Crops and livestock products","566","Nigeria","5312","Area harvested","0113","Rice","2018","2018","ha","4065500","A","Official figure",""
"QCL","Crops and livestock products","566","Nigeria","5412","Yield","0113","Rice","2018","2018","kg/ha","2067","A","Official figure",""
"QCL","Crops and livestock products","566","Nigeria","5510","Production","0113","Rice","2018","2018","t","8403300","A","Official figure",""
"QCL","Crops and livestock products","566","Nigeria","5312","Area harvested","0113","Rice","2019","2019","ha","4126670","A","Official figure",""
"QCL","Crops and livestock products","566","Nigeria","5412","Yield","0113","Rice","2019","2019","kg/ha","2044.1","A","Official figure",""
"QCL","Crops and livestock products","566","Nigeria","5510","Production","0113","Rice","2019","2019","t","8435510","A","Official figure",""
"QCL","Crops and livestock products","566","Nigeria","5312","Area harvested","0113","Rice","2020","2020","ha","4195100","A","Official figure",""
"QCL","Crops and livestock products","566","Nigeria","5412","Yield","0113","Rice","2020","2020","kg/ha","1947.9","A","Official figure",""
"QCL","Crops and livestock products","566","Nigeria","5510","Production","0113","Rice","2020","2020","t","8171800","A","Official figure",""
"QCL","Crops and livestock products","566","Nigeria","5312","Area harvested","0113","Rice","2021","2021","ha","4320100","A","Official figure",""
"QCL","Crops and livestock products","566","Nigeria","5412","Yield","0113","Rice","2021","2021","kg/ha","1931","A","Official figure",""
"QCL","Crops and livestock products","566","Nigeria","5510","Production","0113","Rice","2021","2021","t","8342000","A","Official figure",""
"QCL","Crops and livestock products","566","Nigeria","5312","Area harvested","0113","Rice","2022","2022","ha","4580000","A","Official figure",""
"QCL","Crops and livestock products","566","Nigeria","5412","Yield","0113","Rice","2022","2022","kg/ha","1856.3","A","Official figure",""
"QCL","Crops and livestock products","566","Nigeria","5510","Production","0113","Rice","2022","2022","t","8502000","A","Official figure",""
"QCL","Crops and livestock products","566","Nigeria","5312","Area harvested","0113","Rice","2023","2023","ha","4509800","A","Official figure",""
"QCL","Crops and livestock products","566","Nigeria","5412","Yield","0113","Rice","2023","2023","kg/ha","1974","A","Official figure",""
"QCL","Crops and livestock products","566","Nigeria","5510","Production","0113","Rice","2023","2023","t","8902200","A","Official figure",""
"QCL","Crops and livestock products","566","Nigeria","5312","Area harvested","0113","Rice","2024","2024","ha","4572900","A","Official figure",""
"QCL","Crops and livestock products","566","Nigeria","5412","Yield","0113","Rice","2024","2024","kg/ha","1996.5","A","Official figure",""
"QCL","Crops and livestock products","566","Nigeria","5510","Production","0113","Rice","2024","2024","t","9129900","A","Official figure",""
"QCL","Crops and livestock products","566","Nigeria","5312","Area harvested","0114","Sorghum","2000","2000","ha","6885000","A","Official figure",""
"QCL","Crops and livestock products","566","Nigeria","5412","Yield","0114","Sorghum","2000","2000","kg/ha","1120","A","Official figure",""
"QCL","Crops and livestock products","566","Nigeria","5510","Production","0114","Sorghum","2000","2000","t","7711000","A","Official figure",""
"QCL","Crops and livestock products","566","Nigeria","5312","Area harvested","0114","Sorghum","2001","2001","ha","6437000","A","Official figure",""
"QCL","Crops and livestock products","566","Nigeria","5412","Yield","0114","Sorghum","2001","2001","kg/ha","1100","A","Official figure",""
"QCL","Crops and livestock products","566","Nigeria","5510","Production","0114","Sorghum","2001","2001","t","7081000","A","Official figure",""
"QCL","Crops and livestock products","566","Nigeria","5312","Area harvested","0114","Sorghum","2002","2002","ha","6849000","A","Official figure",""
"QCL","Crops and livestock products","566","Nigeria","5412","Yield","0114","Sorghum","2002","2002","kg/ha","1100","A","Official figure",""
"QCL","Crops and livestock products","566","Nigeria","5510","Production","0114","Sorghum","2002","2002","t","7534000","A","Official figure",""
"QCL","Crops and livestock products","566","Nigeria","5312","Area harvested","0114","Sorghum","2003","2003","ha","6935000","A","Official figure",""
"QCL","Crops and livestock products","566","Nigeria","5412","Yield","0114","Sorghum","2003","2003","kg/ha","1155.9","A","Official figure",""
"QCL","Crops and livestock products","566","Nigeria","5510","Production","0114","Sorghum","2003","2003","t","8016000","A","Official figure",""
"QCL","Crops and livestock products","566","Nigeria","5312","Area harvested","0114","Sorghum","2004","2004","ha","7031000","A","Official figure",""
"QCL","Crops and livestock products","566","Nigeria","5412","Yield","0114","Sorghum","2004","2004","kg/ha","1220","A","Official figure",""
"QCL","Crops and livestock products","566","Nigeria","5510","Production","0114","Sorghum","2004","2004","t","8578000","A","Official figure",""
"QCL","Crops and livestock products","566","Nigeria","5312","Area harvested","0114","Sorghum","2005","2005","ha","7284000","A","Official figure",""
"QCL","Crops and livestock products","566","Nigeria","5412","Yield","0114","Sorghum","2005","2005","kg/ha","1260","A","Official figure",""
"QCL","Crops and livestock products","566","Nigeria","5510","Production","0114","Sorghum","2005","2005","t","9178000","A","Official figure",""
"QCL","Crops and livestock products","566","Nigeria","5312","Area harvested","0114","Sorghum","2006","2006","ha","7308000","A","Official figure",""
"QCL","Crops and livestock products","566","Nigeria","5412","Yield","0114","Sorghum","2006","2006","kg/ha","1350","A","Official figure",""
"QCL","Crops and livestock products","566","Nigeria","5510","Production","0114","Sorghum","2006","2006","t","9866000","A","Official figure",""
"QCL","Crops and livestock products","566","Nigeria","5312","Area harvested","0114","Sorghum","2007","2007","ha","7812000","A","Official figure",""
"QCL","Crops and livestock products","566","Nigeria","5412","Yield","0114","Sorghum","2007","2007","kg/ha","1159.5","A","Official figure",""
"QCL","Crops and livestock products","566","Nigeria","5510","Production","0114","Sorghum","2007","2007","t","9058000","A","Official figure",""
"QCL","Crops and livestock products","566","Nigeria","5312","Area harvested","0114","Sorghum","2008","2008","ha","7617000","A","Official figure",""
"QCL","Crops and livestock products","566","Nigeria","5412","Yield","0114","Sorghum","2008","2008","kg/ha","1223.3","A","Official figure",""
"QCL","Crops and livestock products","566","Nigeria","5510","Production","0114","Sorghum","2008","2008","t","9318000","A","Official figure",""
"QCL","Crops and livestock products","566","Nigeria","5312","Area harvested","0114","Sorghum","2009","2009","ha","4736830","A","Official figure",""
"QCL","Crops and livestock products","566","Nigeria","5412","Yield","0114","Sorghum","2009","2009","kg/ha","1114.5","A","Official figure",""
"QCL","Crops and livestock products","566","Nigeria","5510","Production","0114","Sorghum","2009","2009","t","5279170","A","Official figure",""
"QCL","Crops and livestock products","566","Nigeria","5312","Area harvested","0114","Sorghum","2010","2010","ha","4960130","A","Official figure",""
"QCL","Crops and livestock products","566","Nigeria","5412","Yield","0114","Sorghum","2010","2010","kg/ha","1439.7","A","Official figure",""
"QCL","Crops and livestock products","566","Nigeria","5510","Production","0114","Sorghum","2010","2010","t","7140970","A","Official figure",""
"QCL","Crops and livestock products","566","Nigeria","5312","Area harvested","0114","Sorghum","2011","2011","ha","4661867","A","Official figure",""
"QCL","Crops and livestock products","566","Nigeria","5412","Yield","0114","Sorghum","2011","2011","kg/ha","1220.6","A","Official figure",""
"QCL","Crops and livestock products","566","Nigeria","5510","Production","0114","Sorghum","2011","2011","t","5690145","A","Official figure",""
"QCL","Crops and livestock products","566","Nigeria","5312","Area harvested","0114","Sorghum","2012","2012","ha","5099975","A","Official figure",""
"QCL","Crops and livestock products","566","Nigeria","5412","Yield","0114","Sorghum","2012","2012","kg/ha","1144.5","A","Official figure",""
"QCL","Crops and livestock products","566","Nigeria","5510","Production","0114","Sorghum","2012","2012","t","5837106","A","Official figure",""
"QCL","Crops and livestock products","566","Nigeria","5312","Area harvested","0114","Sorghum","2013","2013","ha","5449200","A","Official figure",""
"QCL","Crops and livestock products","566","Nigeria","5412","Yield","0114","Sorghum","2013","2013","kg/ha","972.7","A","Official figure",""
"QCL","Crops and livestock products","566","Nigeria","5510","Production","0114","Sorghum","2013","2013","t","5300270","A","Official figure",""
"QCL","Crops and livestock products","566","Nigeria","5312","Area harvested","0114","Sorghum","2014","2014","ha","5702160","A","Official figure",""
"QCL","Crops and livestock products","566","Nigeria","5412","Yield","0114","Sorghum","2014","2014","kg/ha","1207.1","A","Official figure",""
"QCL","Crops and livestock products","566","Nigeria","5510","Production","0114","Sorghum","2014","2014","t","6883294","A","Official figure",""
"QCL","Crops and livestock products","566","Nigeria","5312","Area harvested","0114","Sorghum","2015","2015","ha","5899134","A","Official figure",""
"QCL","Crops and livestock products","566","Nigeria","5412","Yield","0114","Sorghum","2015","2015","kg/ha","1187.5","A","Official figure",""
"QCL","Crops and livestock products","566","Nigeria","5510","Production","0114","Sorghum","2015","2015","t","7005025","A","Official figure",""
"QCL","Crops and livestock products","566","Nigeria","5312","Area harvested","0114","Sorghum","2016","2016","ha","5472010","A","Official figure",""
"QCL","Crops and livestock products","566","Nigeria","5412","Yield","0114","Sorghum","2016","2016","kg/ha","1380.9","A","Official figure",""
"QCL","Crops and livestock products","566","Nigeria","5510","Production","0114","Sorghum","2016","2016","t","7556076","A","Official figure",""
"QCL","Crops and livestock products","566","Nigeria","5312","Area harvested","0114","Sorghum","2017","2017","ha","5820000","A","Official figure",""
"QCL","Crops and livestock products","566","Nigeria","5412","Yield","0114","Sorghum","2017","2017","kg/ha","1192.3","A","Official figure",""
"QCL","Crops and livestock products","566","Nigeria","5510","Production","0114","Sorghum","2017","2017","t","6939000","A","Official figure",""
"QCL","Crops and livestock products","566","Nigeria","5312","Area harvested","0114","Sorghum","2018","2018","ha","5628899","I","Value imputed by a receiving agency",""
"QCL","Crops and livestock products","566","Nigeria","5412","Yield","0114","Sorghum","2018","2018","kg/ha","1208.1","E","Estimated value",""
"QCL","Crops and livestock products","566","Nigeria","5510","Production","0114","Sorghum","2018","2018","t","6800000","X","Figure from external organization","Unofficial figure"
"QCL","Crops and livestock products","566","Nigeria","5312","Area harvested","0114","Sorghum","2019","2019","ha","5397000","X","Figure from external organization","Unofficial figure"
"QCL","Crops and livestock products","566","Nigeria","5412","Yield","0114","Sorghum","2019","2019","kg/ha","1234.9","X","Figure from external organization",""
"QCL","Crops and livestock products","566","Nigeria","5510","Production","0114","Sorghum","2019","2019","t","6665000","X","Figure from external organization","Unofficial figure"
"QCL","Crops and livestock products","566","Nigeria","5312","Area harvested","0114","Sorghum","2020","2020","ha","5799600","A","Official figure",""
"QCL","Crops and livestock products","566","Nigeria","5412","Yield","0114","Sorghum","2020","2020","kg/ha","1136.4","A","Official figure",""
"QCL","Crops and livestock products","566","Nigeria","5510","Production","0114","Sorghum","2020","2020","t","6590600","A","Official figure",""
"QCL","Crops and livestock products","566","Nigeria","5312","Area harvested","0114","Sorghum","2021","2021","ha","5930900","A","Official figure",""
"QCL","Crops and livestock products","566","Nigeria","5412","Yield","0114","Sorghum","2021","2021","kg/ha","1134","A","Official figure",""
"QCL","Crops and livestock products","566","Nigeria","5510","Production","0114","Sorghum","2021","2021","t","6725500","A","Official figure",""
"QCL","Crops and livestock products","566","Nigeria","5312","Area harvested","0114","Sorghum","2022","2022","ha","5700000","X","Figure from external organization","Unofficial figure"
"QCL","Crops and livestock products","566","Nigeria","5412","Yield","0114","Sorghum","2022","2022","kg/ha","1194.1","X","Figure from external organization",""
"QCL","Crops and livestock products","566","Nigeria","5510","Production","0114","Sorghum","2022","2022","t","6806370","X","Figure from external organization","Unofficial figure"
"QCL","Crops and livestock products","566","Nigeria","5312","Area harvested","0114","Sorghum","2023","2023","ha","5700000","X","Figure from external organization","Unofficial figure"
"QCL","Crops and livestock products","566","Nigeria","5412","Yield","0114","Sorghum","2023","2023","kg/ha","1123.2","X","Figure from external organization",""
"QCL","Crops and livestock products","566","Nigeria","5510","Production","0114","Sorghum","2023","2023","t","6402000","X","Figure from external organization","Unofficial figure"
"QCL","Crops and livestock products","566","Nigeria","5312","Area harvested","0114","Sorghum","2024","2024","ha","6100000","X","Figure from external organization","Unofficial figure"
"QCL","Crops and livestock products","566","Nigeria","5412","Yield","0114","Sorghum","2024","2024","kg/ha","1065.6","X","Figure from external organization",""
"QCL","Crops and livestock products","566","Nigeria","5510","Production","0114","Sorghum","2024","2024","t","6500000","X","Figure from external organization","Unofficial figure"
"QCL","Crops and livestock products","566","Nigeria","5312","Area harvested","0141","Soya beans","2000","2000","ha","517000","A","Official figure",""
"QCL","Crops and livestock products","566","Nigeria","5412","Yield","0141","Soya beans","2000","2000","kg/ha","829.8","A","Official figure",""
"QCL","Crops and livestock products","566","Nigeria","5510","Production","0141","Soya beans","2000","2000","t","429000","A","Official figure",""
"QCL","Crops and livestock products","566","Nigeria","5312","Area harvested","0141","Soya beans","2001","2001","ha","519000","A","Official figure",""
"QCL","Crops and livestock products","566","Nigeria","5412","Yield","0141","Soya beans","2001","2001","kg/ha","840.1","A","Official figure",""
"QCL","Crops and livestock products","566","Nigeria","5510","Production","0141","Soya beans","2001","2001","t","436000","A","Official figure",""
"QCL","Crops and livestock products","566","Nigeria","5312","Area harvested","0141","Soya beans","2002","2002","ha","540000","A","Official figure",""
"QCL","Crops and livestock products","566","Nigeria","5412","Yield","0141","Soya beans","2002","2002","kg/ha","859.3","A","Official figure",""
"QCL","Crops and livestock products","566","Nigeria","5510","Production","0141","Soya beans","2002","2002","t","464000","A","Official figure",""
"QCL","Crops and livestock products","566","Nigeria","5312","Area harvested","0141","Soya beans","2003","2003","ha","555000","A","Official figure",""
"QCL","Crops and livestock products","566","Nigeria","5412","Yield","0141","Soya beans","2003","2003","kg/ha","890.1","A","Official figure",""
"QCL","Crops and livestock products","566","Nigeria","5510","Production","0141","Soya beans","2003","2003","t","494000","A","Official figure",""
"QCL","Crops and livestock products","566","Nigeria","5312","Area harvested","0141","Soya beans","2004","2004","ha","587000","A","Official figure",""
"QCL","Crops and livestock products","566","Nigeria","5412","Yield","0141","Soya beans","2004","2004","kg/ha","899.5","A","Official figure",""
"QCL","Crops and livestock products","566","Nigeria","5510","Production","0141","Soya beans","2004","2004","t","528000","A","Official figure",""
"QCL","Crops and livestock products","566","Nigeria","5312","Area harvested","0141","Soya beans","2005","2005","ha","601000","A","Official figure",""
"QCL","Crops and livestock products","566","Nigeria","5412","Yield","0141","Soya beans","2005","2005","kg/ha","940.1","A","Official figure",""
"QCL","Crops and livestock products","566","Nigeria","5510","Production","0141","Soya beans","2005","2005","t","565000","A","Official figure",""
"QCL","Crops and livestock products","566","Nigeria","5312","Area harvested","0141","Soya beans","2006","2006","ha","630000","A","Official figure",""
"QCL","Crops and livestock products","566","Nigeria","5412","Yield","0141","Soya beans","2006","2006","kg/ha","960.3","A","Official figure",""
"QCL","Crops and livestock products","566","Nigeria","5510","Production","0141","Soya beans","2006","2006","t","605000","A","Official figure",""
"QCL","Crops and livestock products","566","Nigeria","5312","Area harvested","0141","Soya beans","2007","2007","ha","638000","A","Official figure",""
"QCL","Crops and livestock products","566","Nigeria","5412","Yield","0141","Soya beans","2007","2007","kg/ha","909.1","E","Estimated value",""
"QCL","Crops and livestock products","566","Nigeria","5510","Production","0141","Soya beans","2007","2007","t","580000","X","Figure from external organization","Unofficial figure"
"QCL","Crops and livestock products","566","Nigeria","5312","Area harvested","0141","Soya beans","2008","2008","ha","609000","A","Official figure",""
"QCL","Crops and livestock products","566","Nigeria","5412","Yield","0141","Soya beans","2008","2008","kg/ha","970.4","A","Official figure",""
"QCL","Crops and livestock products","566","Nigeria","5510","Production","0141","Soya beans","2008","2008","t","591000","A","Official figure",""
"QCL","Crops and livestock products","566","Nigeria","5312","Area harvested","0141","Soya beans","2009","2009","ha","592000","X","Figure from external organization","Unofficial figure"
"QCL","Crops and livestock products","566","Nigeria","5412","Yield","0141","Soya beans","2009","2009","kg/ha","720.6","E","Estimated value",""
"QCL","Crops and livestock products","566","Nigeria","5510","Production","0141","Soya beans","2009","2009","t","426590","A","Official figure",""
"QCL","Crops and livestock products","566","Nigeria","5312","Area harvested","0141","Soya beans","2010","2010","ha","281890","A","Official figure",""
"QCL","Crops and livestock products","566","Nigeria","5412","Yield","0141","Soya beans","2010","2010","kg/ha","1295.1","A","Official figure",""
"QCL","Crops and livestock products","566","Nigeria","5510","Production","0141","Soya beans","2010","2010","t","365080","A","Official figure",""
"QCL","Crops and livestock products","566","Nigeria","5312","Area harvested","0141","Soya beans","2011","2011","ha","599350","A","Official figure",""
"QCL","Crops and livestock products","566","Nigeria","5412","Yield","0141","Soya beans","2011","2011","kg/ha","822.3","A","Official figure",""
"QCL","Crops and livestock products","566","Nigeria","5510","Production","0141","Soya beans","2011","2011","t","492852","A","Official figure",""
"QCL","Crops and livestock products","566","Nigeria","5312","Area harvested","0141","Soya beans","2012","2012","ha","668300","A","Official figure",""
"QCL","Crops and livestock products","566","Nigeria","5412","Yield","0141","Soya beans","2012","2012","kg/ha","972.6","A","Official figure",""
"QCL","Crops and livestock products","566","Nigeria","5510","Production","0141","Soya beans","2012","2012","t","650000","A","Official figure",""
"QCL","Crops and livestock products","566","Nigeria","5312","Area harvested","0141","Soya beans","2013","2013","ha","680000","A","Official figure",""
"QCL","Crops and livestock products","566","Nigeria","5412","Yield","0141","Soya beans","2013","2013","kg/ha","761.7","A","Official figure",""
"QCL","Crops and livestock products","566","Nigeria","5510","Production","0141","Soya beans","2013","2013","t","517960","A","Official figure",""
"QCL","Crops and livestock products","566","Nigeria","5312","Area harvested","0141","Soya beans","2014","2014","ha","633016","A","Official figure",""
"QCL","Crops and livestock products","566","Nigeria","5412","Yield","0141","Soya beans","2014","2014","kg/ha","985.5","A","Official figure",""
"QCL","Crops and livestock products","566","Nigeria","5510","Production","0141","Soya beans","2014","2014","t","623815","A","Official figure",""
"QCL","Crops and livestock products","566","Nigeria","5312","Area harvested","0141","Soya beans","2015","2015","ha","609333","A","Official figure",""
"QCL","Crops and livestock products","566","Nigeria","5412","Yield","0141","Soya beans","2015","2015","kg/ha","965.8","A","Official figure",""
"QCL","Crops and livestock products","566","Nigeria","5510","Production","0141","Soya beans","2015","2015","t","588523","A","Official figure",""
"QCL","Crops and livestock products","566","Nigeria","5312","Area harvested","0141","Soya beans","2016","2016","ha","1070580","A","Official figure",""
"QCL","Crops and livestock products","566","Nigeria","5412","Yield","0141","Soya beans","2016","2016","kg/ha","875.1","A","Official figure",""
"QCL","Crops and livestock products","566","Nigeria","5510","Production","0141","Soya beans","2016","2016","t","936887","A","Official figure",""
"QCL","Crops and livestock products","566","Nigeria","5312","Area harvested","0141","Soya beans","2017","2017","ha","1119660","A","Official figure",""
"QCL","Crops and livestock products","566","Nigeria","5412","Yield","0141","Soya beans","2017","2017","kg/ha","887.7","A","Official figure",""
"QCL","Crops and livestock products","566","Nigeria","5510","Production","0141","Soya beans","2017","2017","t","993955","A","Official figure",""
"QCL","Crops and livestock products","566","Nigeria","5312","Area harvested","0141","Soya beans","2018","2018","ha","1174830","A","Official figure",""
"QCL","Crops and livestock products","566","Nigeria","5412","Yield","0141","Soya beans","2018","2018","kg/ha","896.8","A","Official figure",""
"QCL","Crops and livestock products","566","Nigeria","5510","Production","0141","Soya beans","2018","2018","t","1053560","A","Official figure",""
"QCL","Crops and livestock products","566","Nigeria","5312","Area harvested","0141","Soya beans","2019","2019","ha","1148050","A","Official figure",""
"QCL","Crops and livestock products","566","Nigeria","5412","Yield","0141","Soya beans","2019","2019","kg/ha","913.3","A","Official figure",""
"QCL","Crops and livestock products","566","Nigeria","5510","Production","0141","Soya beans","2019","2019","t","1048510","A","Official figure",""
"QCL","Crops and livestock products","566","Nigeria","5312","Area harvested","0141","Soya beans","2020","2020","ha","1207740","A","Official figure",""
"QCL","Crops and livestock products","566","Nigeria","5412","Yield","0141","Soya beans","2020","2020","kg/ha","1045.2","A","Official figure",""
"QCL","Crops and livestock products","566","Nigeria","5510","Production","0141","Soya beans","2020","2020","t","1262280","A","Official figure",""
"QCL","Crops and livestock products","566","Nigeria","5312","Area harvested","0141","Soya beans","2021","2021","ha","1105950","A","Official figure",""
"QCL","Crops and livestock products","566","Nigeria","5412","Yield","0141","Soya beans","2021","2021","kg/ha","1054.3","A","Official figure",""
"QCL","Crops and livestock products","566","Nigeria","5510","Production","0141","Soya beans","2021","2021","t","1166050","A","Official figure",""
"QCL","Crops and livestock products","566","Nigeria","5312","Area harvested","0141","Soya beans","2022","2022","ha","1150000","X","Figure from external organization","Unofficial figure"
"QCL","Crops and livestock products","566","Nigeria","5412","Yield","0141","Soya beans","2022","2022","kg/ha","1147.8","X","Figure from external organization",""
"QCL","Crops and livestock products","566","Nigeria","5510","Production","0141","Soya beans","2022","2022","t","1320000","X","Figure from external organization","Unofficial figure"
"QCL","Crops and livestock products","566","Nigeria","5312","Area harvested","0141","Soya beans","2023","2023","ha","1250000","X","Figure from external organization","Unofficial figure"
"QCL","Crops and livestock products","566","Nigeria","5412","Yield","0141","Soya beans","2023","2023","kg/ha","1200","X","Figure from external organization",""
"QCL","Crops and livestock products","566","Nigeria","5510","Production","0141","Soya beans","2023","2023","t","1500000","X","Figure from external organization","Unofficial figure"
"QCL","Crops and livestock products","566","Nigeria","5312","Area harvested","0141","Soya beans","2024","2024","ha","1130000","X","Figure from external organization","Unofficial figure"
"QCL","Crops and livestock products","566","Nigeria","5412","Yield","0141","Soya beans","2024","2024","kg/ha","1017.7","X","Figure from external organization",""
"QCL","Crops and livestock products","566","Nigeria","5510","Production","0141","Soya beans","2024","2024","t","1150000","X","Figure from external organization","Unofficial figure"
"QCL","Crops and livestock products","566","Nigeria","5312","Area harvested","01802","Sugar cane","2000","2000","ha","24000","A","Official figure",""
"QCL","Crops and livestock products","566","Nigeria","5412","Yield","01802","Sugar cane","2000","2000","kg/ha","28958.3","A","Official figure",""
"QCL","Crops and livestock products","566","Nigeria","5510","Production","01802","Sugar cane","2000","2000","t","695000","A","Official figure",""
"QCL","Crops and livestock products","566","Nigeria","5312","Area harvested","01802","Sugar cane","2001","2001","ha","23000","A","Official figure",""
"QCL","Crops and livestock products","566","Nigeria","5412","Yield","01802","Sugar cane","2001","2001","kg/ha","30652.2","A","Official figure",""
"QCL","Crops and livestock products","566","Nigeria","5510","Production","01802","Sugar cane","2001","2001","t","705000","A","Official figure",""
"QCL","Crops and livestock products","566","Nigeria","5312","Area harvested","01802","Sugar cane","2002","2002","ha","40000","A","Official figure",""
"QCL","Crops and livestock products","566","Nigeria","5412","Yield","01802","Sugar cane","2002","2002","kg/ha","18750","A","Official figure",""
"QCL","Crops and livestock products","566","Nigeria","5510","Production","01802","Sugar cane","2002","2002","t","750000","A","Official figure",""
"QCL","Crops and livestock products","566","Nigeria","5312","Area harvested","01802","Sugar cane","2003","2003","ha","42000","A","Official figure",""
"QCL","Crops and livestock products","566","Nigeria","5412","Yield","01802","Sugar cane","2003","2003","kg/ha","19000","A","Official figure",""
"QCL","Crops and livestock products","566","Nigeria","5510","Production","01802","Sugar cane","2003","2003","t","798000","A","Official figure",""
"QCL","Crops and livestock products","566","Nigeria","5312","Area harvested","01802","Sugar cane","2004","2004","ha","43000","A","Official figure",""
"QCL","Crops and livestock products","566","Nigeria","5412","Yield","01802","Sugar cane","2004","2004","kg/ha","19860.5","A","Official figure",""
"QCL","Crops and livestock products","566","Nigeria","5510","Production","01802","Sugar cane","2004","2004","t","854000","A","Official figure",""
"QCL","Crops and livestock products","566","Nigeria","5312","Area harvested","01802","Sugar cane","2005","2005","ha","44000","E","Estimated value",""
"QCL","Crops and livestock products","566","Nigeria","5412","Yield","01802","Sugar cane","2005","2005","kg/ha","20772.7","E","Estimated value",""
"QCL","Crops and livestock products","566","Nigeria","5510","Production","01802","Sugar cane","2005","2005","t","914000","A","Official figure",""
"QCL","Crops and livestock products","566","Nigeria","5312","Area harvested","01802","Sugar cane","2006","2006","ha","47000","E","Estimated value",""
"QCL","Crops and livestock products","566","Nigeria","5412","Yield","01802","Sugar cane","2006","2006","kg/ha","21000","E","Estimated value",""
"QCL","Crops and livestock products","566","Nigeria","5510","Production","01802","Sugar cane","2006","2006","t","987000","A","Official figure",""
"QCL","Crops and livestock products","566","Nigeria","5312","Area harvested","01802","Sugar cane","2007","2007","ha","63000","A","Official figure",""
"QCL","Crops and livestock products","566","Nigeria","5412","Yield","01802","Sugar cane","2007","2007","kg/ha","23904.8","A","Official figure",""
"QCL","Crops and livestock products","566","Nigeria","5510","Production","01802","Sugar cane","2007","2007","t","1506000","A","Official figure",""
"QCL","Crops and livestock products","566","Nigeria","5312","Area harvested","01802","Sugar cane","2008","2008","ha","71890","A","Official figure",""
"QCL","Crops and livestock products","566","Nigeria","5412","Yield","01802","Sugar cane","2008","2008","kg/ha","19642.1","A","Official figure",""
"QCL","Crops and livestock products","566","Nigeria","5510","Production","01802","Sugar cane","2008","2008","t","1412070","A","Official figure",""
"QCL","Crops and livestock products","566","Nigeria","5312","Area harvested","01802","Sugar cane","2009","2009","ha","73060","A","Official figure",""
"QCL","Crops and livestock products","566","Nigeria","5412","Yield","01802","Sugar cane","2009","2009","kg/ha","19185.3","A","Official figure",""
"QCL","Crops and livestock products","566","Nigeria","5510","Production","01802","Sugar cane","2009","2009","t","1401680","A","Official figure",""
"QCL","Crops and livestock products","566","Nigeria","5312","Area harvested","01802","Sugar cane","2010","2010","ha","45680","A","Official figure",""
"QCL","Crops and livestock products","566","Nigeria","5412","Yield","01802","Sugar cane","2010","2010","kg/ha","22088.4","E","Estimated value",""
"QCL","Crops and livestock products","566","Nigeria","5510","Production","01802","Sugar cane","2010","2010","t","1009000","E","Estimated value",""
"QCL","Crops and livestock products","566","Nigeria","5312","Area harvested","01802","Sugar cane","2011","2011","ha","49008","I","Value imputed by a receiving agency",""
"QCL","Crops and livestock products","566","Nigeria","5412","Yield","01802","Sugar cane","2011","2011","kg/ha","20176.3","E","Estimated value",""
"QCL","Crops and livestock products","566","Nigeria","5510","Production","01802","Sugar cane","2011","2011","t","988794.09","I","Value imputed by a receiving agency",""
"QCL","Crops and livestock products","566","Nigeria","5312","Area harvested","01802","Sugar cane","2012","2012","ha","61821","I","Value imputed by a receiving agency",""
"QCL","Crops and livestock products","566","Nigeria","5412","Yield","01802","Sugar cane","2012","2012","kg/ha","19102","E","Estimated value",""
"QCL","Crops and livestock products","566","Nigeria","5510","Production","01802","Sugar cane","2012","2012","t","1180913.52","I","Value imputed by a receiving agency",""
"QCL","Crops and livestock products","566","Nigeria","5312","Area harvested","01802","Sugar cane","2013","2013","ha","70926","I","Value imputed by a receiving agency",""
"QCL","Crops and livestock products","566","Nigeria","5412","Yield","01802","Sugar cane","2013","2013","kg/ha","18350.5","E","Estimated value",""
"QCL","Crops and livestock products","566","Nigeria","5510","Production","01802","Sugar cane","2013","2013","t","1301531.28","I","Value imputed by a receiving agency",""
"QCL","Crops and livestock products","566","Nigeria","5312","Area harvested","01802","Sugar cane","2014","2014","ha","81872","A","Official figure",""
"QCL","Crops and livestock products","566","Nigeria","5412","Yield","01802","Sugar cane","2014","2014","kg/ha","17264.9","A","Official figure",""
"QCL","Crops and livestock products","566","Nigeria","5510","Production","01802","Sugar cane","2014","2014","t","1413512","A","Official figure",""
"QCL","Crops and livestock products","566","Nigeria","5312","Area harvested","01802","Sugar cane","2015","2015","ha","85018","I","Value imputed by a receiving agency",""
"QCL","Crops and livestock products","566","Nigeria","5412","Yield","01802","Sugar cane","2015","2015","kg/ha","17054.7","E","Estimated value",""
"QCL","Crops and livestock products","566","Nigeria","5510","Production","01802","Sugar cane","2015","2015","t","1449963","A","Official figure",""
"QCL","Crops and livestock products","566","Nigeria","5312","Area harvested","01802","Sugar cane","2016","2016","ha","86373","I","Value imputed by a receiving agency",""
"QCL","Crops and livestock products","566","Nigeria","5412","Yield","01802","Sugar cane","2016","2016","kg/ha","17218","E","Estimated value",""
"QCL","Crops and livestock products","566","Nigeria","5510","Production","01802","Sugar cane","2016","2016","t","1487173","A","Official figure",""
"QCL","Crops and livestock products","566","Nigeria","5312","Area harvested","01802","Sugar cane","2017","2017","ha","84421","E","Estimated value",""
"QCL","Crops and livestock products","566","Nigeria","5412","Yield","01802","Sugar cane","2017","2017","kg/ha","17724.6","E","Estimated value",""
"QCL","Crops and livestock products","566","Nigeria","5510","Production","01802","Sugar cane","2017","2017","t","1496330.15","I","Value imputed by a receiving agency",""
"QCL","Crops and livestock products","566","Nigeria","5312","Area harvested","01802","Sugar cane","2018","2018","ha","88415","I","Value imputed by a receiving agency",""
"QCL","Crops and livestock products","566","Nigeria","5412","Yield","01802","Sugar cane","2018","2018","kg/ha","16957.3","E","Estimated value",""
"QCL","Crops and livestock products","566","Nigeria","5510","Production","01802","Sugar cane","2018","2018","t","1499275.6","I","Value imputed by a receiving agency",""
"QCL","Crops and livestock products","566","Nigeria","5312","Area harvested","01802","Sugar cane","2019","2019","ha","86403","E","Estimated value",""
"QCL","Crops and livestock products","566","Nigeria","5412","Yield","01802","Sugar cane","2019","2019","kg/ha","17401.9","E","Estimated value",""
"QCL","Crops and livestock products","566","Nigeria","5510","Production","01802","Sugar cane","2019","2019","t","1503575.52","I","Value imputed by a receiving agency",""
"QCL","Crops and livestock products","566","Nigeria","5312","Area harvested","01802","Sugar cane","2020","2020","ha","90163","I","Value imputed by a receiving agency",""
"QCL","Crops and livestock products","566","Nigeria","5412","Yield","01802","Sugar cane","2020","2020","kg/ha","16831.7","E","Estimated value",""
"QCL","Crops and livestock products","566","Nigeria","5510","Production","01802","Sugar cane","2020","2020","t","1517600.38","I","Value imputed by a receiving agency",""
"QCL","Crops and livestock products","566","Nigeria","5312","Area harvested","01802","Sugar cane","2021","2021","ha","88327","E","Estimated value",""
"QCL","Crops and livestock products","566","Nigeria","5412","Yield","01802","Sugar cane","2021","2021","kg/ha","17059.5","E","Estimated value",""
"QCL","Crops and livestock products","566","Nigeria","5510","Production","01802","Sugar cane","2021","2021","t","1506817.17","E","Estimated value",""
"QCL","Crops and livestock products","566","Nigeria","5312","Area harvested","01802","Sugar cane","2022","2022","ha","88298","E","Estimated value",""
"QCL","Crops and livestock products","566","Nigeria","5412","Yield","01802","Sugar cane","2022","2022","kg/ha","17093.6","E","Estimated value",""
"QCL","Crops and livestock products","566","Nigeria","5510","Production","01802","Sugar cane","2022","2022","t","1509331.02","E","Estimated value",""
"QCL","Crops and livestock products","566","Nigeria","5312","Area harvested","01802","Sugar cane","2023","2023","ha","88929","E","Estimated value",""
"QCL","Crops and livestock products","566","Nigeria","5412","Yield","01802","Sugar cane","2023","2023","kg/ha","16993.8","E","Estimated value",""
"QCL","Crops and livestock products","566","Nigeria","5510","Production","01802","Sugar cane","2023","2023","t","1511249.52","E","Estimated value",""
"QCL","Crops and livestock products","566","Nigeria","5312","Area harvested","01802","Sugar cane","2024","2024","ha","88518","E","Estimated value",""
"QCL","Crops and livestock products","566","Nigeria","5412","Yield","01802","Sugar cane","2024","2024","kg/ha","17048.9","E","Estimated value",""
"QCL","Crops and livestock products","566","Nigeria","5510","Production","01802","Sugar cane","2024","2024","t","1509132.57","E","Estimated value",""
"QCL","Crops and livestock products","566","Nigeria","5312","Area harvested","01530","Sweet potatoes","2000","2000","ha","823000","A","Official figure",""
"QCL","Crops and livestock products","566","Nigeria","5412","Yield","01530","Sweet potatoes","2000","2000","kg/ha","2998.8","A","Official figure",""
"QCL","Crops and livestock products","566","Nigeria","5510","Production","01530","Sweet potatoes","2000","2000","t","2468000","A","Official figure",""
"QCL","Crops and livestock products","566","Nigeria","5312","Area harvested","01530","Sweet potatoes","2001","2001","ha","824000","A","Official figure",""
"QCL","Crops and livestock products","566","Nigeria","5412","Yield","01530","Sweet potatoes","2001","2001","kg/ha","3001.2","A","Official figure",""
"QCL","Crops and livestock products","566","Nigeria","5510","Production","01530","Sweet potatoes","2001","2001","t","2473000","A","Official figure",""
"QCL","Crops and livestock products","566","Nigeria","5312","Area harvested","01530","Sweet potatoes","2002","2002","ha","877000","A","Official figure",""
"QCL","Crops and livestock products","566","Nigeria","5412","Yield","01530","Sweet potatoes","2002","2002","kg/ha","3000","A","Official figure",""
"QCL","Crops and livestock products","566","Nigeria","5510","Production","01530","Sweet potatoes","2002","2002","t","2631000","A","Official figure",""
"QCL","Crops and livestock products","566","Nigeria","5312","Area harvested","01530","Sweet potatoes","2003","2003","ha","895000","A","Official figure",""
"QCL","Crops and livestock products","566","Nigeria","5412","Yield","01530","Sweet potatoes","2003","2003","kg/ha","3128.5","A","Official figure",""
"QCL","Crops and livestock products","566","Nigeria","5510","Production","01530","Sweet potatoes","2003","2003","t","2800000","A","Official figure",""
"QCL","Crops and livestock products","566","Nigeria","5312","Area harvested","01530","Sweet potatoes","2004","2004","ha","954000","A","Official figure",""
"QCL","Crops and livestock products","566","Nigeria","5412","Yield","01530","Sweet potatoes","2004","2004","kg/ha","3140.5","A","Official figure",""
"QCL","Crops and livestock products","566","Nigeria","5510","Production","01530","Sweet potatoes","2004","2004","t","2996000","A","Official figure",""
"QCL","Crops and livestock products","566","Nigeria","5312","Area harvested","01530","Sweet potatoes","2005","2005","ha","989000","A","Official figure",""
"QCL","Crops and livestock products","566","Nigeria","5412","Yield","01530","Sweet potatoes","2005","2005","kg/ha","3240.6","A","Official figure",""
"QCL","Crops and livestock products","566","Nigeria","5510","Production","01530","Sweet potatoes","2005","2005","t","3205000","A","Official figure",""
"QCL","Crops and livestock products","566","Nigeria","5312","Area harvested","01530","Sweet potatoes","2006","2006","ha","1021000","A","Official figure",""
"QCL","Crops and livestock products","566","Nigeria","5412","Yield","01530","Sweet potatoes","2006","2006","kg/ha","3390.8","A","Official figure",""
"QCL","Crops and livestock products","566","Nigeria","5510","Production","01530","Sweet potatoes","2006","2006","t","3462000","A","Official figure",""
"QCL","Crops and livestock products","566","Nigeria","5312","Area harvested","01530","Sweet potatoes","2007","2007","ha","1131000","A","Official figure",""
"QCL","Crops and livestock products","566","Nigeria","5412","Yield","01530","Sweet potatoes","2007","2007","kg/ha","2150.3","A","Official figure",""
"QCL","Crops and livestock products","566","Nigeria","5510","Production","01530","Sweet potatoes","2007","2007","t","2432000","A","Official figure",""
"QCL","Crops and livestock products","566","Nigeria","5312","Area harvested","01530","Sweet potatoes","2008","2008","ha","1106000","A","Official figure",""
"QCL","Crops and livestock products","566","Nigeria","5412","Yield","01530","Sweet potatoes","2008","2008","kg/ha","3000","A","Official figure",""
"QCL","Crops and livestock products","566","Nigeria","5510","Production","01530","Sweet potatoes","2008","2008","t","3318000","A","Official figure",""
"QCL","Crops and livestock products","566","Nigeria","5312","Area harvested","01530","Sweet potatoes","2009","2009","ha","1100000","E","Estimated value",""
"QCL","Crops and livestock products","566","Nigeria","5412","Yield","01530","Sweet potatoes","2009","2009","kg/ha","3000","E","Estimated value",""
"QCL","Crops and livestock products","566","Nigeria","5510","Production","01530","Sweet potatoes","2009","2009","t","3300000","E","Estimated value",""
"QCL","Crops and livestock products","566","Nigeria","5312","Area harvested","01530","Sweet potatoes","2010","2010","ha","1298486","I","Value imputed by a receiving agency",""
"QCL","Crops and livestock products","566","Nigeria","5412","Yield","01530","Sweet potatoes","2010","2010","kg/ha","2670.1","E","Estimated value",""
"QCL","Crops and livestock products","566","Nigeria","5510","Production","01530","Sweet potatoes","2010","2010","t","3467072.74","I","Value imputed by a receiving agency",""
"QCL","Crops and livestock products","566","Nigeria","5312","Area harvested","01530","Sweet potatoes","2011","2011","ha","1326447","I","Value imputed by a receiving agency",""
"QCL","Crops and livestock products","566","Nigeria","5412","Yield","01530","Sweet potatoes","2011","2011","kg/ha","2651.2","E","Estimated value",""
"QCL","Crops and livestock products","566","Nigeria","5510","Production","01530","Sweet potatoes","2011","2011","t","3516652.63","I","Value imputed by a receiving agency",""
"QCL","Crops and livestock products","566","Nigeria","5312","Area harvested","01530","Sweet potatoes","2012","2012","ha","1332406","I","Value imputed by a receiving agency",""
"QCL","Crops and livestock products","566","Nigeria","5412","Yield","01530","Sweet potatoes","2012","2012","kg/ha","2696.2","E","Estimated value",""
"QCL","Crops and livestock products","566","Nigeria","5510","Production","01530","Sweet potatoes","2012","2012","t","3592439.52","I","Value imputed by a receiving agency",""
"QCL","Crops and livestock products","566","Nigeria","5312","Area harvested","01530","Sweet potatoes","2013","2013","ha","1386114","I","Value imputed by a receiving agency",""
"QCL","Crops and livestock products","566","Nigeria","5412","Yield","01530","Sweet potatoes","2013","2013","kg/ha","2652.5","E","Estimated value",""
"QCL","Crops and livestock products","566","Nigeria","5510","Production","01530","Sweet potatoes","2013","2013","t","3676708.87","I","Value imputed by a receiving agency",""
"QCL","Crops and livestock products","566","Nigeria","5312","Area harvested","01530","Sweet potatoes","2014","2014","ha","1506706","I","Value imputed by a receiving agency",""
"QCL","Crops and livestock products","566","Nigeria","5412","Yield","01530","Sweet potatoes","2014","2014","kg/ha","2478.8","E","Estimated value",""
"QCL","Crops and livestock products","566","Nigeria","5510","Production","01530","Sweet potatoes","2014","2014","t","3734748.58","I","Value imputed by a receiving agency",""
"QCL","Crops and livestock products","566","Nigeria","5312","Area harvested","01530","Sweet potatoes","2015","2015","ha","1552692","I","Value imputed by a receiving agency",""
"QCL","Crops and livestock products","566","Nigeria","5412","Yield","01530","Sweet potatoes","2015","2015","kg/ha","2484.2","E","Estimated value",""
"QCL","Crops and livestock products","566","Nigeria","5510","Production","01530","Sweet potatoes","2015","2015","t","3857241.92","I","Value imputed by a receiving agency",""
"QCL","Crops and livestock products","566","Nigeria","5312","Area harvested","01530","Sweet potatoes","2016","2016","ha","1481837","E","Estimated value",""
"QCL","Crops and livestock products","566","Nigeria","5412","Yield","01530","Sweet potatoes","2016","2016","kg/ha","2654.5","E","Estimated value",""
"QCL","Crops and livestock products","566","Nigeria","5510","Production","01530","Sweet potatoes","2016","2016","t","3933480.17","I","Value imputed by a receiving agency",""
"QCL","Crops and livestock products","566","Nigeria","5312","Area harvested","01530","Sweet potatoes","2017","2017","ha","1513745","E","Estimated value",""
"QCL","Crops and livestock products","566","Nigeria","5412","Yield","01530","Sweet potatoes","2017","2017","kg/ha","2634.1","E","Estimated value",""
"QCL","Crops and livestock products","566","Nigeria","5510","Production","01530","Sweet potatoes","2017","2017","t","3987388.8","I","Value imputed by a receiving agency",""
"QCL","Crops and livestock products","566","Nigeria","5312","Area harvested","01530","Sweet potatoes","2018","2018","ha","1516091","E","Estimated value",""
"QCL","Crops and livestock products","566","Nigeria","5412","Yield","01530","Sweet potatoes","2018","2018","kg/ha","2679.6","E","Estimated value",""
"QCL","Crops and livestock products","566","Nigeria","5510","Production","01530","Sweet potatoes","2018","2018","t","4062466.4","I","Value imputed by a receiving agency",""
"QCL","Crops and livestock products","566","Nigeria","5312","Area harvested","01530","Sweet potatoes","2019","2019","ha","1503891","E","Estimated value",""
"QCL","Crops and livestock products","566","Nigeria","5412","Yield","01530","Sweet potatoes","2019","2019","kg/ha","2755","E","Estimated value",""
"QCL","Crops and livestock products","566","Nigeria","5510","Production","01530","Sweet potatoes","2019","2019","t","4143207.09","I","Value imputed by a receiving agency",""
"QCL","Crops and livestock products","566","Nigeria","5312","Area harvested","01530","Sweet potatoes","2020","2020","ha","1511243","E","Estimated value",""
"QCL","Crops and livestock products","566","Nigeria","5412","Yield","01530","Sweet potatoes","2020","2020","kg/ha","2689.4","E","Estimated value",""
"QCL","Crops and livestock products","566","Nigeria","5510","Production","01530","Sweet potatoes","2020","2020","t","4064354.1","E","Estimated value",""
"QCL","Crops and livestock products","566","Nigeria","5312","Area harvested","01530","Sweet potatoes","2021","2021","ha","1510408","E","Estimated value",""
"QCL","Crops and livestock products","566","Nigeria","5412","Yield","01530","Sweet potatoes","2021","2021","kg/ha","2707.9","E","Estimated value",""
"QCL","Crops and livestock products","566","Nigeria","5510","Production","01530","Sweet potatoes","2021","2021","t","4090009.19","E","Estimated value",""
"QCL","Crops and livestock products","566","Nigeria","5312","Area harvested","01530","Sweet potatoes","2022","2022","ha","1508514","E","Estimated value",""
"QCL","Crops and livestock products","566","Nigeria","5412","Yield","01530","Sweet potatoes","2022","2022","kg/ha","2717.4","E","Estimated value",""
"QCL","Crops and livestock products","566","Nigeria","5510","Production","01530","Sweet potatoes","2022","2022","t","4099190.13","E","Estimated value",""
"QCL","Crops and livestock products","566","Nigeria","5312","Area harvested","01530","Sweet potatoes","2023","2023","ha","1510055","E","Estimated value",""
"QCL","Crops and livestock products","566","Nigeria","5412","Yield","01530","Sweet potatoes","2023","2023","kg/ha","2704.9","E","Estimated value",""
"QCL","Crops and livestock products","566","Nigeria","5510","Production","01530","Sweet potatoes","2023","2023","t","4084517.8","E","Estimated value",""
"QCL","Crops and livestock products","566","Nigeria","5312","Area harvested","01530","Sweet potatoes","2024","2024","ha","1509659","E","Estimated value",""
"QCL","Crops and livestock products","566","Nigeria","5412","Yield","01530","Sweet potatoes","2024","2024","kg/ha","2710","E","Estimated value",""
"QCL","Crops and livestock products","566","Nigeria","5510","Production","01530","Sweet potatoes","2024","2024","t","4091239.04","E","Estimated value",""
"QCL","Crops and livestock products","566","Nigeria","5312","Area harvested","01234","Tomatoes","2000","2000","ha","210000","E","Estimated value",""
"QCL","Crops and livestock products","566","Nigeria","5412","Yield","01234","Tomatoes","2000","2000","kg/ha","6003.8","E","Estimated value",""
"QCL","Crops and livestock products","566","Nigeria","5510","Production","01234","Tomatoes","2000","2000","t","1260794","A","Official figure",""
"QCL","Crops and livestock products","566","Nigeria","5312","Area harvested","01234","Tomatoes","2001","2001","ha","210000","E","Estimated value",""
"QCL","Crops and livestock products","566","Nigeria","5412","Yield","01234","Tomatoes","2001","2001","kg/ha","5957.2","E","Estimated value",""
"QCL","Crops and livestock products","566","Nigeria","5510","Production","01234","Tomatoes","2001","2001","t","1251003","A","Official figure",""
"QCL","Crops and livestock products","566","Nigeria","5312","Area harvested","01234","Tomatoes","2002","2002","ha","210000","E","Estimated value",""
"QCL","Crops and livestock products","566","Nigeria","5412","Yield","01234","Tomatoes","2002","2002","kg/ha","6114.6","E","Estimated value",""
"QCL","Crops and livestock products","566","Nigeria","5510","Production","01234","Tomatoes","2002","2002","t","1284062","A","Official figure",""
"QCL","Crops and livestock products","566","Nigeria","5312","Area harvested","01234","Tomatoes","2003","2003","ha","215000","E","Estimated value",""
"QCL","Crops and livestock products","566","Nigeria","5412","Yield","01234","Tomatoes","2003","2003","kg/ha","6160.1","E","Estimated value",""
"QCL","Crops and livestock products","566","Nigeria","5510","Production","01234","Tomatoes","2003","2003","t","1324427","A","Official figure",""
"QCL","Crops and livestock products","566","Nigeria","5312","Area harvested","01234","Tomatoes","2004","2004","ha","240000","E","Estimated value",""
"QCL","Crops and livestock products","566","Nigeria","5412","Yield","01234","Tomatoes","2004","2004","kg/ha","7521.2","E","Estimated value",""
"QCL","Crops and livestock products","566","Nigeria","5510","Production","01234","Tomatoes","2004","2004","t","1805085","A","Official figure",""
"QCL","Crops and livestock products","566","Nigeria","5312","Area harvested","01234","Tomatoes","2005","2005","ha","250000","E","Estimated value",""
"QCL","Crops and livestock products","566","Nigeria","5412","Yield","01234","Tomatoes","2005","2005","kg/ha","8171.4","E","Estimated value",""
"QCL","Crops and livestock products","566","Nigeria","5510","Production","01234","Tomatoes","2005","2005","t","2042861","A","Official figure",""
"QCL","Crops and livestock products","566","Nigeria","5312","Area harvested","01234","Tomatoes","2006","2006","ha","250000","E","Estimated value",""
"QCL","Crops and livestock products","566","Nigeria","5412","Yield","01234","Tomatoes","2006","2006","kg/ha","8316","E","Estimated value",""
"QCL","Crops and livestock products","566","Nigeria","5510","Production","01234","Tomatoes","2006","2006","t","2079008","A","Official figure",""
"QCL","Crops and livestock products","566","Nigeria","5312","Area harvested","01234","Tomatoes","2007","2007","ha","250000","E","Estimated value",""
"QCL","Crops and livestock products","566","Nigeria","5412","Yield","01234","Tomatoes","2007","2007","kg/ha","6805.6","E","Estimated value",""
"QCL","Crops and livestock products","566","Nigeria","5510","Production","01234","Tomatoes","2007","2007","t","1701400","A","Official figure",""
"QCL","Crops and livestock products","566","Nigeria","5312","Area harvested","01234","Tomatoes","2008","2008","ha","265000","A","Official figure",""
"QCL","Crops and livestock products","566","Nigeria","5412","Yield","01234","Tomatoes","2008","2008","kg/ha","6882.4","A","Official figure",""
"QCL","Crops and livestock products","566","Nigeria","5510","Production","01234","Tomatoes","2008","2008","t","1823844","A","Official figure",""
"QCL","Crops and livestock products","566","Nigeria","5312","Area harvested","01234","Tomatoes","2009","2009","ha","270000","E","Estimated value",""
"QCL","Crops and livestock products","566","Nigeria","5412","Yield","01234","Tomatoes","2009","2009","kg/ha","6481.5","E","Estimated value",""
"QCL","Crops and livestock products","566","Nigeria","5510","Production","01234","Tomatoes","2009","2009","t","1750000","E","Estimated value",""
"QCL","Crops and livestock products","566","Nigeria","5312","Area harvested","01234","Tomatoes","2010","2010","ha","272950","A","Official figure",""
"QCL","Crops and livestock products","566","Nigeria","5412","Yield","01234","Tomatoes","2010","2010","kg/ha","6594.5","A","Official figure",""
"QCL","Crops and livestock products","566","Nigeria","5510","Production","01234","Tomatoes","2010","2010","t","1799960","A","Official figure",""
"QCL","Crops and livestock products","566","Nigeria","5312","Area harvested","01234","Tomatoes","2011","2011","ha","286450","A","Official figure",""
"QCL","Crops and livestock products","566","Nigeria","5412","Yield","01234","Tomatoes","2011","2011","kg/ha","5206.2","A","Official figure",""
"QCL","Crops and livestock products","566","Nigeria","5510","Production","01234","Tomatoes","2011","2011","t","1491319","A","Official figure",""
"QCL","Crops and livestock products","566","Nigeria","5312","Area harvested","01234","Tomatoes","2012","2012","ha","469000","A","Official figure",""
"QCL","Crops and livestock products","566","Nigeria","5412","Yield","01234","Tomatoes","2012","2012","kg/ha","4393","A","Official figure",""
"QCL","Crops and livestock products","566","Nigeria","5510","Production","01234","Tomatoes","2012","2012","t","2060300","A","Official figure",""
"QCL","Crops and livestock products","566","Nigeria","5312","Area harvested","01234","Tomatoes","2013","2013","ha","517400","A","Official figure",""
"QCL","Crops and livestock products","566","Nigeria","5412","Yield","01234","Tomatoes","2013","2013","kg/ha","3720.8","A","Official figure",""
"QCL","Crops and livestock products","566","Nigeria","5510","Production","01234","Tomatoes","2013","2013","t","1925120","A","Official figure",""
"QCL","Crops and livestock products","566","Nigeria","5312","Area harvested","01234","Tomatoes","2014","2014","ha","541800","A","Official figure",""
"QCL","Crops and livestock products","566","Nigeria","5412","Yield","01234","Tomatoes","2014","2014","kg/ha","7536.9","A","Official figure",""
"QCL","Crops and livestock products","566","Nigeria","5510","Production","01234","Tomatoes","2014","2014","t","4083500","A","Official figure",""
"QCL","Crops and livestock products","566","Nigeria","5312","Area harvested","01234","Tomatoes","2015","2015","ha","557500","A","Official figure",""
"QCL","Crops and livestock products","566","Nigeria","5412","Yield","01234","Tomatoes","2015","2015","kg/ha","7586.2","A","Official figure",""
"QCL","Crops and livestock products","566","Nigeria","5510","Production","01234","Tomatoes","2015","2015","t","4229330","A","Official figure",""
"QCL","Crops and livestock products","566","Nigeria","5312","Area harvested","01234","Tomatoes","2016","2016","ha","634660","A","Official figure",""
"QCL","Crops and livestock products","566","Nigeria","5412","Yield","01234","Tomatoes","2016","2016","kg/ha","4147.9","A","Official figure",""
"QCL","Crops and livestock products","566","Nigeria","5510","Production","01234","Tomatoes","2016","2016","t","2632500","A","Official figure",""
"QCL","Crops and livestock products","566","Nigeria","5312","Area harvested","01234","Tomatoes","2017","2017","ha","701300","A","Official figure",""
"QCL","Crops and livestock products","566","Nigeria","5412","Yield","01234","Tomatoes","2017","2017","kg/ha","4005.7","A","Official figure",""
"QCL","Crops and livestock products","566","Nigeria","5510","Production","01234","Tomatoes","2017","2017","t","2809200","A","Official figure",""
"QCL","Crops and livestock products","566","Nigeria","5312","Area harvested","01234","Tomatoes","2018","2018","ha","842734","I","Value imputed by a receiving agency",""
"QCL","Crops and livestock products","566","Nigeria","5412","Yield","01234","Tomatoes","2018","2018","kg/ha","3484.9","E","Estimated value",""
"QCL","Crops and livestock products","566","Nigeria","5510","Production","01234","Tomatoes","2018","2018","t","2936870","A","Official figure",""
"QCL","Crops and livestock products","566","Nigeria","5312","Area harvested","01234","Tomatoes","2019","2019","ha","902911","I","Value imputed by a receiving agency",""
"QCL","Crops and livestock products","566","Nigeria","5412","Yield","01234","Tomatoes","2019","2019","kg/ha","3436.6","E","Estimated value",""
"QCL","Crops and livestock products","566","Nigeria","5510","Production","01234","Tomatoes","2019","2019","t","3102960","A","Official figure",""
"QCL","Crops and livestock products","566","Nigeria","5312","Area harvested","01234","Tomatoes","2020","2020","ha","938295","I","Value imputed by a receiving agency",""
"QCL","Crops and livestock products","566","Nigeria","5412","Yield","01234","Tomatoes","2020","2020","kg/ha","3613.1","E","Estimated value",""
"QCL","Crops and livestock products","566","Nigeria","5510","Production","01234","Tomatoes","2020","2020","t","3390170","A","Official figure",""
"QCL","Crops and livestock products","566","Nigeria","5312","Area harvested","01234","Tomatoes","2021","2021","ha","929048","I","Value imputed by a receiving agency",""
"QCL","Crops and livestock products","566","Nigeria","5412","Yield","01234","Tomatoes","2021","2021","kg/ha","3743.6","E","Estimated value",""
"QCL","Crops and livestock products","566","Nigeria","5510","Production","01234","Tomatoes","2021","2021","t","3477981","A","Official figure",""
"QCL","Crops and livestock products","566","Nigeria","5312","Area harvested","01234","Tomatoes","2022","2022","ha","1017523","I","Value imputed by a receiving agency",""
"QCL","Crops and livestock products","566","Nigeria","5412","Yield","01234","Tomatoes","2022","2022","kg/ha","3558.2","E","Estimated value",""
"QCL","Crops and livestock products","566","Nigeria","5510","Production","01234","Tomatoes","2022","2022","t","3620589.71","I","Value imputed by a receiving agency",""
"QCL","Crops and livestock products","566","Nigeria","5312","Area harvested","01234","Tomatoes","2023","2023","ha","843276","E","Estimated value",""
"QCL","Crops and livestock products","566","Nigeria","5412","Yield","01234","Tomatoes","2023","2023","kg/ha","4532.3","E","Estimated value",""
"QCL","Crops and livestock products","566","Nigeria","5510","Production","01234","Tomatoes","2023","2023","t","3821959.59","I","Value imputed by a receiving agency",""
"QCL","Crops and livestock products","566","Nigeria","5312","Area harvested","01234","Tomatoes","2024","2024","ha","822140","E","Estimated value",""
"QCL","Crops and livestock products","566","Nigeria","5412","Yield","01234","Tomatoes","2024","2024","kg/ha","4532.3","E","Estimated value",""
"QCL","Crops and livestock products","566","Nigeria","5510","Production","01234","Tomatoes","2024","2024","t","3726166.42","I","Value imputed by a receiving agency",""
"QCL","Crops and livestock products","566","Nigeria","5312","Area harvested","01970","Unmanufactured tobacco","2000","2000","ha","37000","A","Official figure",""
"QCL","Crops and livestock products","566","Nigeria","5412","Yield","01970","Unmanufactured tobacco","2000","2000","kg/ha","594.6","A","Official figure",""
"QCL","Crops and livestock products","566","Nigeria","5510","Production","01970","Unmanufactured tobacco","2000","2000","t","22000","A","Official figure",""
"QCL","Crops and livestock products","566","Nigeria","5312","Area harvested","01970","Unmanufactured tobacco","2001","2001","ha","28000","A","Official figure",""
"QCL","Crops and livestock products","566","Nigeria","5412","Yield","01970","Unmanufactured tobacco","2001","2001","kg/ha","607.1","A","Official figure",""
"QCL","Crops and livestock products","566","Nigeria","5510","Production","01970","Unmanufactured tobacco","2001","2001","t","17000","A","Official figure",""
"QCL","Crops and livestock products","566","Nigeria","5312","Area harvested","01970","Unmanufactured tobacco","2002","2002","ha","28000","A","Official figure",""
"QCL","Crops and livestock products","566","Nigeria","5412","Yield","01970","Unmanufactured tobacco","2002","2002","kg/ha","607.1","A","Official figure",""
"QCL","Crops and livestock products","566","Nigeria","5510","Production","01970","Unmanufactured tobacco","2002","2002","t","17000","A","Official figure",""
"QCL","Crops and livestock products","566","Nigeria","5312","Area harvested","01970","Unmanufactured tobacco","2003","2003","ha","26000","A","Official figure",""
"QCL","Crops and livestock products","566","Nigeria","5412","Yield","01970","Unmanufactured tobacco","2003","2003","kg/ha","615.4","A","Official figure",""
"QCL","Crops and livestock products","566","Nigeria","5510","Production","01970","Unmanufactured tobacco","2003","2003","t","16000","A","Official figure",""
"QCL","Crops and livestock products","566","Nigeria","5312","Area harvested","01970","Unmanufactured tobacco","2004","2004","ha","25000","A","Official figure",""
"QCL","Crops and livestock products","566","Nigeria","5412","Yield","01970","Unmanufactured tobacco","2004","2004","kg/ha","600","A","Official figure",""
"QCL","Crops and livestock products","566","Nigeria","5510","Production","01970","Unmanufactured tobacco","2004","2004","t","15000","A","Official figure",""
"QCL","Crops and livestock products","566","Nigeria","5312","Area harvested","01970","Unmanufactured tobacco","2005","2005","ha","25000","A","Official figure",""
"QCL","Crops and livestock products","566","Nigeria","5412","Yield","01970","Unmanufactured tobacco","2005","2005","kg/ha","600","A","Official figure",""
"QCL","Crops and livestock products","566","Nigeria","5510","Production","01970","Unmanufactured tobacco","2005","2005","t","15000","A","Official figure",""
"QCL","Crops and livestock products","566","Nigeria","5312","Area harvested","01970","Unmanufactured tobacco","2006","2006","ha","23000","A","Official figure",""
"QCL","Crops and livestock products","566","Nigeria","5412","Yield","01970","Unmanufactured tobacco","2006","2006","kg/ha","608.7","A","Official figure",""
"QCL","Crops and livestock products","566","Nigeria","5510","Production","01970","Unmanufactured tobacco","2006","2006","t","14000","A","Official figure",""
"QCL","Crops and livestock products","566","Nigeria","5312","Area harvested","01970","Unmanufactured tobacco","2007","2007","ha","19000","A","Official figure",""
"QCL","Crops and livestock products","566","Nigeria","5412","Yield","01970","Unmanufactured tobacco","2007","2007","kg/ha","473.7","A","Official figure",""
"QCL","Crops and livestock products","566","Nigeria","5510","Production","01970","Unmanufactured tobacco","2007","2007","t","9000","A","Official figure",""
"QCL","Crops and livestock products","566","Nigeria","5312","Area harvested","01970","Unmanufactured tobacco","2008","2008","ha","18000","A","Official figure",""
"QCL","Crops and livestock products","566","Nigeria","5412","Yield","01970","Unmanufactured tobacco","2008","2008","kg/ha","666.7","A","Official figure",""
"QCL","Crops and livestock products","566","Nigeria","5510","Production","01970","Unmanufactured tobacco","2008","2008","t","12000","A","Official figure",""
"QCL","Crops and livestock products","566","Nigeria","5312","Area harvested","01970","Unmanufactured tobacco","2009","2009","ha","18281","I","Value imputed by a receiving agency",""
"QCL","Crops and livestock products","566","Nigeria","5412","Yield","01970","Unmanufactured tobacco","2009","2009","kg/ha","632.2","E","Estimated value",""
"QCL","Crops and livestock products","566","Nigeria","5510","Production","01970","Unmanufactured tobacco","2009","2009","t","11558.19","I","Value imputed by a receiving agency",""
"QCL","Crops and livestock products","566","Nigeria","5312","Area harvested","01970","Unmanufactured tobacco","2010","2010","ha","14789","I","Value imputed by a receiving agency",""
"QCL","Crops and livestock products","566","Nigeria","5412","Yield","01970","Unmanufactured tobacco","2010","2010","kg/ha","613.1","E","Estimated value",""
"QCL","Crops and livestock products","566","Nigeria","5510","Production","01970","Unmanufactured tobacco","2010","2010","t","9066.37","I","Value imputed by a receiving agency",""
"QCL","Crops and livestock products","566","Nigeria","5312","Area harvested","01970","Unmanufactured tobacco","2011","2011","ha","12600","I","Value imputed by a receiving agency",""
"QCL","Crops and livestock products","566","Nigeria","5412","Yield","01970","Unmanufactured tobacco","2011","2011","kg/ha","608.5","E","Estimated value",""
"QCL","Crops and livestock products","566","Nigeria","5510","Production","01970","Unmanufactured tobacco","2011","2011","t","7667.66","I","Value imputed by a receiving agency",""
"QCL","Crops and livestock products","566","Nigeria","5312","Area harvested","01970","Unmanufactured tobacco","2012","2012","ha","10883","I","Value imputed by a receiving agency",""
"QCL","Crops and livestock products","566","Nigeria","5412","Yield","01970","Unmanufactured tobacco","2012","2012","kg/ha","611.2","E","Estimated value",""
"QCL","Crops and livestock products","566","Nigeria","5510","Production","01970","Unmanufactured tobacco","2012","2012","t","6651.85","I","Value imputed by a receiving agency",""
"QCL","Crops and livestock products","566","Nigeria","5312","Area harvested","01970","Unmanufactured tobacco","2013","2013","ha","9375","I","Value imputed by a receiving agency",""
"QCL","Crops and livestock products","566","Nigeria","5412","Yield","01970","Unmanufactured tobacco","2013","2013","kg/ha","613.2","E","Estimated value",""
"QCL","Crops and livestock products","566","Nigeria","5510","Production","01970","Unmanufactured tobacco","2013","2013","t","5748.51","I","Value imputed by a receiving agency",""
"QCL","Crops and livestock products","566","Nigeria","5312","Area harvested","01970","Unmanufactured tobacco","2014","2014","ha","9133","I","Value imputed by a receiving agency",""
"QCL","Crops and livestock products","566","Nigeria","5412","Yield","01970","Unmanufactured tobacco","2014","2014","kg/ha","595.1","E","Estimated value",""
"QCL","Crops and livestock products","566","Nigeria","5510","Production","01970","Unmanufactured tobacco","2014","2014","t","5435.52","I","Value imputed by a receiving agency",""
"QCL","Crops and livestock products","566","Nigeria","5312","Area harvested","01970","Unmanufactured tobacco","2015","2015","ha","9500","E","Estimated value",""
"QCL","Crops and livestock products","566","Nigeria","5412","Yield","01970","Unmanufactured tobacco","2015","2015","kg/ha","526.3","E","Estimated value",""
"QCL","Crops and livestock products","566","Nigeria","5510","Production","01970","Unmanufactured tobacco","2015","2015","t","5000","E","Estimated value",""
"QCL","Crops and livestock products","566","Nigeria","5312","Area harvested","01970","Unmanufactured tobacco","2016","2016","ha","9700","E","Estimated value",""
"QCL","Crops and livestock products","566","Nigeria","5412","Yield","01970","Unmanufactured tobacco","2016","2016","kg/ha","567","E","Estimated value",""
"QCL","Crops and livestock products","566","Nigeria","5510","Production","01970","Unmanufactured tobacco","2016","2016","t","5500","E","Estimated value",""
"QCL","Crops and livestock products","566","Nigeria","5312","Area harvested","01970","Unmanufactured tobacco","2017","2017","ha","9800","E","Estimated value",""
"QCL","Crops and livestock products","566","Nigeria","5412","Yield","01970","Unmanufactured tobacco","2017","2017","kg/ha","612.2","E","Estimated value",""
"QCL","Crops and livestock products","566","Nigeria","5510","Production","01970","Unmanufactured tobacco","2017","2017","t","6000","E","Estimated value",""
"QCL","Crops and livestock products","566","Nigeria","5312","Area harvested","01970","Unmanufactured tobacco","2018","2018","ha","9667","E","Estimated value",""
"QCL","Crops and livestock products","566","Nigeria","5412","Yield","01970","Unmanufactured tobacco","2018","2018","kg/ha","569","E","Estimated value",""
"QCL","Crops and livestock products","566","Nigeria","5510","Production","01970","Unmanufactured tobacco","2018","2018","t","5500","E","Estimated value",""
"QCL","Crops and livestock products","566","Nigeria","5312","Area harvested","01970","Unmanufactured tobacco","2019","2019","ha","9722","E","Estimated value",""
"QCL","Crops and livestock products","566","Nigeria","5412","Yield","01970","Unmanufactured tobacco","2019","2019","kg/ha","582.9","E","Estimated value",""
"QCL","Crops and livestock products","566","Nigeria","5510","Production","01970","Unmanufactured tobacco","2019","2019","t","5666.67","E","Estimated value",""
"QCL","Crops and livestock products","566","Nigeria","5312","Area harvested","01970","Unmanufactured tobacco","2020","2020","ha","9314","I","Value imputed by a receiving agency",""
"QCL","Crops and livestock products","566","Nigeria","5412","Yield","01970","Unmanufactured tobacco","2020","2020","kg/ha","595.2","E","Estimated value",""
"QCL","Crops and livestock products","566","Nigeria","5510","Production","01970","Unmanufactured tobacco","2020","2020","t","5543.58","I","Value imputed by a receiving agency",""
"QCL","Crops and livestock products","566","Nigeria","5312","Area harvested","01970","Unmanufactured tobacco","2021","2021","ha","9568","E","Estimated value",""
"QCL","Crops and livestock products","566","Nigeria","5412","Yield","01970","Unmanufactured tobacco","2021","2021","kg/ha","582.2","E","Estimated value",""
"QCL","Crops and livestock products","566","Nigeria","5510","Production","01970","Unmanufactured tobacco","2021","2021","t","5570.08","E","Estimated value",""
"QCL","Crops and livestock products","566","Nigeria","5312","Area harvested","01970","Unmanufactured tobacco","2022","2022","ha","9535","E","Estimated value",""
"QCL","Crops and livestock products","566","Nigeria","5412","Yield","01970","Unmanufactured tobacco","2022","2022","kg/ha","586.6","E","Estimated value",""
"QCL","Crops and livestock products","566","Nigeria","5510","Production","01970","Unmanufactured tobacco","2022","2022","t","5593.44","E","Estimated value",""
"QCL","Crops and livestock products","566","Nigeria","5312","Area harvested","01970","Unmanufactured tobacco","2023","2023","ha","9472","E","Estimated value",""
"QCL","Crops and livestock products","566","Nigeria","5412","Yield","01970","Unmanufactured tobacco","2023","2023","kg/ha","587.9","E","Estimated value",""
"QCL","Crops and livestock products","566","Nigeria","5510","Production","01970","Unmanufactured tobacco","2023","2023","t","5569.03","E","Estimated value",""
"QCL","Crops and livestock products","566","Nigeria","5312","Area harvested","01970","Unmanufactured tobacco","2024","2024","ha","9525","E","Estimated value",""
"QCL","Crops and livestock products","566","Nigeria","5412","Yield","01970","Unmanufactured tobacco","2024","2024","kg/ha","585.6","E","Estimated value",""
"QCL","Crops and livestock products","566","Nigeria","5510","Production","01970","Unmanufactured tobacco","2024","2024","t","5577.52","E","Estimated value",""
"QCL","Crops and livestock products","566","Nigeria","5312","Area harvested","0111","Wheat","2000","2000","ha","52000","A","Official figure",""
"QCL","Crops and livestock products","566","Nigeria","5412","Yield","0111","Wheat","2000","2000","kg/ha","1403.8","A","Official figure",""
"QCL","Crops and livestock products","566","Nigeria","5510","Production","0111","Wheat","2000","2000","t","73000","A","Official figure",""
"QCL","Crops and livestock products","566","Nigeria","5312","Area harvested","0111","Wheat","2001","2001","ha","52000","A","Official figure",""
"QCL","Crops and livestock products","566","Nigeria","5412","Yield","0111","Wheat","2001","2001","kg/ha","980.8","A","Official figure",""
"QCL","Crops and livestock products","566","Nigeria","5510","Production","0111","Wheat","2001","2001","t","51000","A","Official figure",""
"QCL","Crops and livestock products","566","Nigeria","5312","Area harvested","0111","Wheat","2002","2002","ha","55000","A","Official figure",""
"QCL","Crops and livestock products","566","Nigeria","5412","Yield","0111","Wheat","2002","2002","kg/ha","981.8","A","Official figure",""
"QCL","Crops and livestock products","566","Nigeria","5510","Production","0111","Wheat","2002","2002","t","54000","A","Official figure",""
"QCL","Crops and livestock products","566","Nigeria","5312","Area harvested","0111","Wheat","2003","2003","ha","56000","A","Official figure",""
"QCL","Crops and livestock products","566","Nigeria","5412","Yield","0111","Wheat","2003","2003","kg/ha","1035.7","A","Official figure",""
"QCL","Crops and livestock products","566","Nigeria","5510","Production","0111","Wheat","2003","2003","t","58000","A","Official figure",""
"QCL","Crops and livestock products","566","Nigeria","5312","Area harvested","0111","Wheat","2004","2004","ha","58000","A","Official figure",""
"QCL","Crops and livestock products","566","Nigeria","5412","Yield","0111","Wheat","2004","2004","kg/ha","1069","A","Official figure",""
"QCL","Crops and livestock products","566","Nigeria","5510","Production","0111","Wheat","2004","2004","t","62000","A","Official figure",""
"QCL","Crops and livestock products","566","Nigeria","5312","Area harvested","0111","Wheat","2005","2005","ha","60000","A","Official figure",""
"QCL","Crops and livestock products","566","Nigeria","5412","Yield","0111","Wheat","2005","2005","kg/ha","1100","A","Official figure",""
"QCL","Crops and livestock products","566","Nigeria","5510","Production","0111","Wheat","2005","2005","t","66000","A","Official figure",""
"QCL","Crops and livestock products","566","Nigeria","5312","Area harvested","0111","Wheat","2006","2006","ha","63000","A","Official figure",""
"QCL","Crops and livestock products","566","Nigeria","5412","Yield","0111","Wheat","2006","2006","kg/ha","1127","A","Official figure",""
"QCL","Crops and livestock products","566","Nigeria","5510","Production","0111","Wheat","2006","2006","t","71000","A","Official figure",""
"QCL","Crops and livestock products","566","Nigeria","5312","Area harvested","0111","Wheat","2007","2007","ha","26000","A","Official figure",""
"QCL","Crops and livestock products","566","Nigeria","5412","Yield","0111","Wheat","2007","2007","kg/ha","1692.3","A","Official figure",""
"QCL","Crops and livestock products","566","Nigeria","5510","Production","0111","Wheat","2007","2007","t","44000","A","Official figure",""
"QCL","Crops and livestock products","566","Nigeria","5312","Area harvested","0111","Wheat","2008","2008","ha","32000","A","Official figure",""
"QCL","Crops and livestock products","566","Nigeria","5412","Yield","0111","Wheat","2008","2008","kg/ha","1656.3","A","Official figure",""
"QCL","Crops and livestock products","566","Nigeria","5510","Production","0111","Wheat","2008","2008","t","53000","A","Official figure",""
"QCL","Crops and livestock products","566","Nigeria","5312","Area harvested","0111","Wheat","2009","2009","ha","48000","E","Estimated value",""
"QCL","Crops and livestock products","566","Nigeria","5412","Yield","0111","Wheat","2009","2009","kg/ha","1666.7","E","Estimated value",""
"QCL","Crops and livestock products","566","Nigeria","5510","Production","0111","Wheat","2009","2009","t","80000","E","Estimated value",""
"QCL","Crops and livestock products","566","Nigeria","5312","Area harvested","0111","Wheat","2010","2010","ha","74399","I","Value imputed by a receiving agency",""
"QCL","Crops and livestock products","566","Nigeria","5412","Yield","0111","Wheat","2010","2010","kg/ha","1484.4","E","Estimated value",""
"QCL","Crops and livestock products","566","Nigeria","5510","Production","0111","Wheat","2010","2010","t","110440.62","I","Value imputed by a receiving agency",""
"QCL","Crops and livestock products","566","Nigeria","5312","Area harvested","0111","Wheat","2011","2011","ha","128992","I","Value imputed by a receiving agency",""
"QCL","Crops and livestock products","566","Nigeria","5412","Yield","0111","Wheat","2011","2011","kg/ha","1279.1","E","Estimated value",""
"QCL","Crops and livestock products","566","Nigeria","5510","Production","0111","Wheat","2011","2011","t","165000","X","Figure from external organization","Unofficial figure"
"QCL","Crops and livestock products","566","Nigeria","5312","Area harvested","0111","Wheat","2012","2012","ha","98148","I","Value imputed by a receiving agency",""
"QCL","Crops and livestock products","566","Nigeria","5412","Yield","0111","Wheat","2012","2012","kg/ha","1018.9","E","Estimated value",""
"QCL","Crops and livestock products","566","Nigeria","5510","Production","0111","Wheat","2012","2012","t","100000","X","Figure from external organization","Unofficial figure"
"QCL","Crops and livestock products","566","Nigeria","5312","Area harvested","0111","Wheat","2013","2013","ha","80000","X","Figure from external organization","Unofficial figure"
"QCL","Crops and livestock products","566","Nigeria","5412","Yield","0111","Wheat","2013","2013","kg/ha","1000","X","Figure from external organization",""
"QCL","Crops and livestock products","566","Nigeria","5510","Production","0111","Wheat","2013","2013","t","80000","X","Figure from external organization","Unofficial figure"
"QCL","Crops and livestock products","566","Nigeria","5312","Area harvested","0111","Wheat","2014","2014","ha","70000","X","Figure from external organization","Unofficial figure"
"QCL","Crops and livestock products","566","Nigeria","5412","Yield","0111","Wheat","2014","2014","kg/ha","1304.3","E","Estimated value",""
"QCL","Crops and livestock products","566","Nigeria","5510","Production","0111","Wheat","2014","2014","t","91300","A","Official figure",""
"QCL","Crops and livestock products","566","Nigeria","5312","Area harvested","0111","Wheat","2015","2015","ha","60000","X","Figure from external organization","Unofficial figure"
"QCL","Crops and livestock products","566","Nigeria","5412","Yield","0111","Wheat","2015","2015","kg/ha","1000","X","Figure from external organization",""
"QCL","Crops and livestock products","566","Nigeria","5510","Production","0111","Wheat","2015","2015","t","60000","X","Figure from external organization","Unofficial figure"
"QCL","Crops and livestock products","566","Nigeria","5312","Area harvested","0111","Wheat","2016","2016","ha","60000","X","Figure from external organization","Unofficial figure"
"QCL","Crops and livestock products","566","Nigeria","5412","Yield","0111","Wheat","2016","2016","kg/ha","1000","X","Figure from external organization",""
"QCL","Crops and livestock products","566","Nigeria","5510","Production","0111","Wheat","2016","2016","t","60000","X","Figure from external organization","Unofficial figure"
"QCL","Crops and livestock products","566","Nigeria","5312","Area harvested","0111","Wheat","2017","2017","ha","49322","A","Official figure",""
"QCL","Crops and livestock products","566","Nigeria","5412","Yield","0111","Wheat","2017","2017","kg/ha","1677.9","A","Official figure",""
"QCL","Crops and livestock products","566","Nigeria","5510","Production","0111","Wheat","2017","2017","t","82758","A","Official figure",""
"QCL","Crops and livestock products","566","Nigeria","5312","Area harvested","0111","Wheat","2018","2018","ha","51548","A","Official figure",""
"QCL","Crops and livestock products","566","Nigeria","5412","Yield","0111","Wheat","2018","2018","kg/ha","1714.2","A","Official figure",""
"QCL","Crops and livestock products","566","Nigeria","5510","Production","0111","Wheat","2018","2018","t","88362","A","Official figure",""
"QCL","Crops and livestock products","566","Nigeria","5312","Area harvested","0111","Wheat","2019","2019","ha","51646","A","Official figure",""
"QCL","Crops and livestock products","566","Nigeria","5412","Yield","0111","Wheat","2019","2019","kg/ha","1682.6","A","Official figure",""
"QCL","Crops and livestock products","566","Nigeria","5510","Production","0111","Wheat","2019","2019","t","86900","A","Official figure",""
"QCL","Crops and livestock products","566","Nigeria","5312","Area harvested","0111","Wheat","2020","2020","ha","50000","X","Figure from external organization","Unofficial figure"
"QCL","Crops and livestock products","566","Nigeria","5412","Yield","0111","Wheat","2020","2020","kg/ha","1100","X","Figure from external organization",""
"QCL","Crops and livestock products","566","Nigeria","5510","Production","0111","Wheat","2020","2020","t","55000","X","Figure from external organization","Unofficial figure"
"QCL","Crops and livestock products","566","Nigeria","5312","Area harvested","0111","Wheat","2021","2021","ha","11820","A","Official figure",""
"QCL","Crops and livestock products","566","Nigeria","5412","Yield","0111","Wheat","2021","2021","kg/ha","3125.5","A","Official figure",""
"QCL","Crops and livestock products","566","Nigeria","5510","Production","0111","Wheat","2021","2021","t","36944","A","Official figure",""
"QCL","Crops and livestock products","566","Nigeria","5312","Area harvested","0111","Wheat","2022","2022","ha","14374","I","Value imputed by a receiving agency",""
"QCL","Crops and livestock products","566","Nigeria","5412","Yield","0111","Wheat","2022","2022","kg/ha","2182.7","E","Estimated value",""
"QCL","Crops and livestock products","566","Nigeria","5510","Production","0111","Wheat","2022","2022","t","31373.56","I","Value imputed by a receiving agency",""
"QCL","Crops and livestock products","566","Nigeria","5312","Area harvested","0111","Wheat","2023","2023","ha","30801","I","Value imputed by a receiving agency",""
"QCL","Crops and livestock products","566","Nigeria","5412","Yield","0111","Wheat","2023","2023","kg/ha","1586.6","E","Estimated value",""
"QCL","Crops and livestock products","566","Nigeria","5510","Production","0111","Wheat","2023","2023","t","48868.93","I","Value imputed by a receiving agency",""
"QCL","Crops and livestock products","566","Nigeria","5312","Area harvested","0111","Wheat","2024","2024","ha","27906","I","Value imputed by a receiving agency",""
"QCL","Crops and livestock products","566","Nigeria","5412","Yield","0111","Wheat","2024","2024","kg/ha","1574.1","E","Estimated value",""
"QCL","Crops and livestock products","566","Nigeria","5510","Production","0111","Wheat","2024","2024","t","43926.98","I","Value imputed by a receiving agency",""
"QCL","Crops and livestock products","566","Nigeria","5312","Area harvested","01540","Yams","2000","2000","ha","2647000","A","Official figure",""
"QCL","Crops and livestock products","566","Nigeria","5412","Yield","01540","Yams","2000","2000","kg/ha","9898.4","A","Official figure",""
"QCL","Crops and livestock products","566","Nigeria","5510","Production","01540","Yams","2000","2000","t","26201000","A","Official figure",""
"QCL","Crops and livestock products","566","Nigeria","5312","Area harvested","01540","Yams","2001","2001","ha","2677000","A","Official figure",""
"QCL","Crops and livestock products","566","Nigeria","5412","Yield","01540","Yams","2001","2001","kg/ha","9799","A","Official figure",""
"QCL","Crops and livestock products","566","Nigeria","5510","Production","01540","Yams","2001","2001","t","26232000","A","Official figure",""
"QCL","Crops and livestock products","566","Nigeria","5312","Area harvested","01540","Yams","2002","2002","ha","2794000","A","Official figure",""
"QCL","Crops and livestock products","566","Nigeria","5412","Yield","01540","Yams","2002","2002","kg/ha","9989.6","A","Official figure",""
"QCL","Crops and livestock products","566","Nigeria","5510","Production","01540","Yams","2002","2002","t","27911000","A","Official figure",""
"QCL","Crops and livestock products","566","Nigeria","5312","Area harvested","01540","Yams","2003","2003","ha","2828000","A","Official figure",""
"QCL","Crops and livestock products","566","Nigeria","5412","Yield","01540","Yams","2003","2003","kg/ha","10501.1","A","Official figure",""
"QCL","Crops and livestock products","566","Nigeria","5510","Production","01540","Yams","2003","2003","t","29697000","A","Official figure",""
"QCL","Crops and livestock products","566","Nigeria","5312","Area harvested","01540","Yams","2004","2004","ha","2837000","A","Official figure",""
"QCL","Crops and livestock products","566","Nigeria","5412","Yield","01540","Yams","2004","2004","kg/ha","11200.6","A","Official figure",""
"QCL","Crops and livestock products","566","Nigeria","5510","Production","01540","Yams","2004","2004","t","31776000","A","Official figure",""
"QCL","Crops and livestock products","566","Nigeria","5312","Area harvested","01540","Yams","2005","2005","ha","2957000","A","Official figure",""
"QCL","Crops and livestock products","566","Nigeria","5412","Yield","01540","Yams","2005","2005","kg/ha","11498.1","A","Official figure",""
"QCL","Crops and livestock products","566","Nigeria","5510","Production","01540","Yams","2005","2005","t","34000000","A","Official figure",""
"QCL","Crops and livestock products","566","Nigeria","5312","Area harvested","01540","Yams","2006","2006","ha","3035000","A","Official figure",""
"QCL","Crops and livestock products","566","Nigeria","5412","Yield","01540","Yams","2006","2006","kg/ha","12098.8","A","Official figure",""
"QCL","Crops and livestock products","566","Nigeria","5510","Production","01540","Yams","2006","2006","t","36720000","A","Official figure",""
"QCL","Crops and livestock products","566","Nigeria","5312","Area harvested","01540","Yams","2007","2007","ha","3123000","A","Official figure",""
"QCL","Crops and livestock products","566","Nigeria","5412","Yield","01540","Yams","2007","2007","kg/ha","9969.9","A","Official figure",""
"QCL","Crops and livestock products","566","Nigeria","5510","Production","01540","Yams","2007","2007","t","31136000","A","Official figure",""
"QCL","Crops and livestock products","566","Nigeria","5312","Area harvested","01540","Yams","2008","2008","ha","3045000","A","Official figure",""
"QCL","Crops and livestock products","566","Nigeria","5412","Yield","01540","Yams","2008","2008","kg/ha","11499.8","A","Official figure",""
"QCL","Crops and livestock products","566","Nigeria","5510","Production","01540","Yams","2008","2008","t","35017000","A","Official figure",""
"QCL","Crops and livestock products","566","Nigeria","5312","Area harvested","01540","Yams","2009","2009","ha","2776020","A","Official figure",""
"QCL","Crops and livestock products","566","Nigeria","5412","Yield","01540","Yams","2009","2009","kg/ha","10479.7","A","Official figure",""
"QCL","Crops and livestock products","566","Nigeria","5510","Production","01540","Yams","2009","2009","t","29091980","A","Official figure",""
"QCL","Crops and livestock products","566","Nigeria","5312","Area harvested","01540","Yams","2010","2010","ha","2868990","A","Official figure",""
"QCL","Crops and livestock products","566","Nigeria","5412","Yield","01540","Yams","2010","2010","kg/ha","13010.9","A","Official figure",""
"QCL","Crops and livestock products","566","Nigeria","5510","Production","01540","Yams","2010","2010","t","37328180","A","Official figure",""
"QCL","Crops and livestock products","566","Nigeria","5312","Area harvested","01540","Yams","2011","2011","ha","4475356","A","Official figure",""
"QCL","Crops and livestock products","566","Nigeria","5412","Yield","01540","Yams","2011","2011","kg/ha","7403.7","A","Official figure",""
"QCL","Crops and livestock products","566","Nigeria","5510","Production","01540","Yams","2011","2011","t","33134172","A","Official figure",""
"QCL","Crops and livestock products","566","Nigeria","5312","Area harvested","01540","Yams","2012","2012","ha","4487946","A","Official figure",""
"QCL","Crops and livestock products","566","Nigeria","5412","Yield","01540","Yams","2012","2012","kg/ha","7201.3","A","Official figure",""
"QCL","Crops and livestock products","566","Nigeria","5510","Production","01540","Yams","2012","2012","t","32318900","A","Official figure",""
"QCL","Crops and livestock products","566","Nigeria","5312","Area harvested","01540","Yams","2013","2013","ha","5088300","A","Official figure",""
"QCL","Crops and livestock products","566","Nigeria","5412","Yield","01540","Yams","2013","2013","kg/ha","7000.1","A","Official figure",""
"QCL","Crops and livestock products","566","Nigeria","5510","Production","01540","Yams","2013","2013","t","35618420","A","Official figure",""
"QCL","Crops and livestock products","566","Nigeria","5312","Area harvested","01540","Yams","2014","2014","ha","5333871","A","Official figure",""
"QCL","Crops and livestock products","566","Nigeria","5412","Yield","01540","Yams","2014","2014","kg/ha","8194.8","A","Official figure",""
"QCL","Crops and livestock products","566","Nigeria","5510","Production","01540","Yams","2014","2014","t","43709800","A","Official figure",""
"QCL","Crops and livestock products","566","Nigeria","5312","Area harvested","01540","Yams","2015","2015","ha","5389870","A","Official figure",""
"QCL","Crops and livestock products","566","Nigeria","5412","Yield","01540","Yams","2015","2015","kg/ha","8182.7","A","Official figure",""
"QCL","Crops and livestock products","566","Nigeria","5510","Production","01540","Yams","2015","2015","t","44103900","A","Official figure",""
"QCL","Crops and livestock products","566","Nigeria","5312","Area harvested","01540","Yams","2016","2016","ha","5347483","A","Official figure",""
"QCL","Crops and livestock products","566","Nigeria","5412","Yield","01540","Yams","2016","2016","kg/ha","9159.9","A","Official figure",""
"QCL","Crops and livestock products","566","Nigeria","5510","Production","01540","Yams","2016","2016","t","48982621","A","Official figure",""
"QCL","Crops and livestock products","566","Nigeria","5312","Area harvested","01540","Yams","2017","2017","ha","5276098","A","Official figure",""
"QCL","Crops and livestock products","566","Nigeria","5412","Yield","01540","Yams","2017","2017","kg/ha","9385.6","A","Official figure",""
"QCL","Crops and livestock products","566","Nigeria","5510","Production","01540","Yams","2017","2017","t","49519100","A","Official figure",""
"QCL","Crops and livestock products","566","Nigeria","5312","Area harvested","01540","Yams","2018","2018","ha","5427899","A","Official figure",""
"QCL","Crops and livestock products","566","Nigeria","5412","Yield","01540","Yams","2018","2018","kg/ha","10199.9","A","Official figure",""
"QCL","Crops and livestock products","566","Nigeria","5510","Production","01540","Yams","2018","2018","t","55363999","A","Official figure",""
"QCL","Crops and livestock products","566","Nigeria","5312","Area harvested","01540","Yams","2019","2019","ha","6778080","A","Official figure",""
"QCL","Crops and livestock products","566","Nigeria","5412","Yield","01540","Yams","2019","2019","kg/ha","7806.8","A","Official figure",""
"QCL","Crops and livestock products","566","Nigeria","5510","Production","01540","Yams","2019","2019","t","52914910","A","Official figure",""
"QCL","Crops and livestock products","566","Nigeria","5312","Area harvested","01540","Yams","2020","2020","ha","7128080","A","Official figure",""
"QCL","Crops and livestock products","566","Nigeria","5412","Yield","01540","Yams","2020","2020","kg/ha","7904.7","A","Official figure",""
"QCL","Crops and livestock products","566","Nigeria","5510","Production","01540","Yams","2020","2020","t","56345530","A","Official figure",""
"QCL","Crops and livestock products","566","Nigeria","5312","Area harvested","01540","Yams","2021","2021","ha","7498130","A","Official figure",""
"QCL","Crops and livestock products","566","Nigeria","5412","Yield","01540","Yams","2021","2021","kg/ha","7986.5","A","Official figure",""
"QCL","Crops and livestock products","566","Nigeria","5510","Production","01540","Yams","2021","2021","t","59884050","A","Official figure",""
"QCL","Crops and livestock products","566","Nigeria","5312","Area harvested","01540","Yams","2022","2022","ha","7467286","I","Value imputed by a receiving agency",""
"QCL","Crops and livestock products","566","Nigeria","5412","Yield","01540","Yams","2022","2022","kg/ha","8182.4","E","Estimated value",""
"QCL","Crops and livestock products","566","Nigeria","5510","Production","01540","Yams","2022","2022","t","61100194.52","I","Value imputed by a receiving agency",""
"QCL","Crops and livestock products","566","Nigeria","5312","Area harvested","01540","Yams","2023","2023","ha","7613167","I","Value imputed by a receiving agency",""
"QCL","Crops and livestock products","566","Nigeria","5412","Yield","01540","Yams","2023","2023","kg/ha","8193.5","E","Estimated value",""
"QCL","Crops and livestock products","566","Nigeria","5510","Production","01540","Yams","2023","2023","t","62378631.04","I","Value imputed by a receiving agency",""
"QCL","Crops and livestock products","566","Nigeria","5312","Area harvested","01540","Yams","2024","2024","ha","8015649","I","Value imputed by a receiving agency",""
"QCL","Crops and livestock products","566","Nigeria","5412","Yield","01540","Yams","2024","2024","kg/ha","8149.3","E","Estimated value",""
"QCL","Crops and livestock products","566","Nigeria","5510","Production","01540","Yams","2024","2024","t","65322031.57","E","Estimated value",""
